[
  {
    "text": {
      "Business Domain": "Payments",
      "Business Scenarios Context": "Buy Now Pay Later",
      "Business Scenarios": [
        {
          "Scenario": "Handle Request for BNPL Financing by Bank where Buyer Is Existing Customer",
          "Service Domains": [
            "Session Dialogue",
            "Servicing Order",
            "Party Life Cycle Management",
            "Customer Products and Services",
            "Information Provider Operation",
            "Customer Products and Services",
            "Information Provider Operation",
            "Customer Product and Service Eligibility",
            "Underwritig",
            "Virtual Account",
            "Correspondence",
            "Direct Debit Mandate",
            "Payment Order",
            "Current Account"
          ],
          "Sequence": [
            {
              "Step1": "Session Dialogue SD Invokes the Handle Buy Now Pay Later Operation on Servicing Order",
              "Step2": "Servicing Order SD Invokes the Verify Corporate Customer for Merchant Operation on Party Life Cycle Management",
              "Step3": "Servicing Order SD Invokes the Retrieve Merchant Buy Now Pay Later Service Details on Customer Products and Services",
              "Step4": "Servicing Order SD Invokes the Verify Retail Customer for Buyer operation on Party Life Cycle Management",
              "Step5": "Servicing Order SD Invokes the Retrieve Customer Current Account Numbers on Customer Products and Services",
              "Step6": "If Buyer Current Account Not in This Banka, Servicing Order SD calls Get Details about External Account method on Information Provider Operation",
              "Step7": "Servicing Order SD Invokes the Retrieve Details about Buyer Eligibility for Buy Now Pay Later  on Customer Product and Service Eligibility",
              "Step8": "Servicing Order SD Invokes the  Perform Underwriting Light for Buy Now Pay Later on Underwriting",
              "Step9": "Servicing Order SD Invokes the  Open Buy Now Pay Later Account on Virtual Account",
              "Step10": "Virtual Account SD Invokes the its Create Repayment Schedule",
              "Step11": "Virtual Account SD Invokes the Inform Buyer about BNPL Details and Wait for Acceptance on Correspondence",
              "Step12": "Virual Account SD invokes Record Account Debiting Mandate on Direct Debit Mandate",
              "Step13": "Virtual Account SD Invokes the Create Payment Order to Pay Merchant on Payment Order",
              "Step14": "Payment Order SD Invokes the its Create Payment Order",
              "Step15": "Virtual Account SD Invokes the Inform Buyer about Payment on Correspondence",
              "Step16": "Virtual Account SD Invokes the Inform Customer about Payment on Correspondence",
              "Step17": "If Instalments Are to Be Debited from Customer Account with Bank, Virtual Account SD Invokes the Link BNPL Account to Current Account on Current Account",
              "Step18": "Virtual Account SD Invokes the Add BNPL Account to Customer Products on Customer Products and Services"
            }
          ]
        },
        {
          "Scenario": "Perform Underwriting Light for Buy Now Pay Laterr",
          "Service Domains": [
            "Servicing Order",
            "Underwritig",
            "Customer Position",
            "Customer Credit Rating",
            "Credit Risk Models",
            "Fraud Evaluation"
          ],
          "Sequence": [
            {
              "Step1": "Servicing Order SD Invokes Perform Underwriting Light for Buy Now Pay Later on Underwriting",
              "Step2": "Underwriting SD Invokes the Retrieve Overall Customer Position on Customer Position",
              "Step3": "Underwriting SD Invokes the Retrieve Customer Credit Rating on Customer Credit Rating",
              "Step4": "Underwriting SD Invokes the Retrieve Buy Now Pay Later Risk Model on Credit Risk Models",
              "Step5": "Underwriting SD Invokes the Verify against Fraud Alert Rules and Models and Scanners on Fraud Evaluation",
              "Step6": "Underwriting SD Invokes its Decide on Request for Buy Now Pay Later Financing"
            }
          ]
        }
      ]
    }
  }
]
