{
  "type": "Business Scenario",
  "text": {
    "Business Domain": "Bank Relations",
    "Business Scenarios Context": "Bank Relations",
    "Business Scenarios": [
      {
        "Scenario": "EXT Handle Request to Add Signatory to Corporate Current Account",
        "Service Domains": [
          "Customer Workbench",
          "E-Branch Operations",
          "Contact Handler",
          "Point of Service",
          "Contact Dialogue",
          "Servicing Order",
          "Transaction Authorization",
          "Party Lifecycle Management",
          "Customer Product/Service Eligibility",
          "Corporate Current Account",
          "Product Directory",
          "Customer Agreement",
          "Document Services",
          "Correspondence",
          "Guideline Compliance"
        ],
        "Sequence": [
          {
            "Step1": "Customer Workbench service domain Invokes the Handle Service Request from Customer endpoint on E-Branch Operations service domain",
            "Step2": "E-Branch Operations service domain Invokes the Start Contact Session endpoint on Contact Handler service domain",
            "Step3": "Contact Handler service domain Invokes the Initiate Servicing Dialogue endpoint on Point of Service service domain",
            "Step4": "Point of Service service domain Invokes the Handle Customer Contact endpoint on Contact Dialogue service domain",
            "Step5": "Contact Dialogue service domain Invokes the Get Requested Service from Customer endpoint on Customer Workbench service domain",
            "Step6": "Contact Dialogue service domain Invokes Handle Request to Add Signatory to Corporate Current Account endpoint on Servicing Order service domain",
            "Step7": "Servicing Order service domain Invokes the Get Transaction Authorisation endpoint on Transaction Authorization service domain",
            "Step8": "Servicing Order service domain Invokes the Verify Corporater Customer endpoint on Party Lifecycle Management service domain",
            "Step9": "Servicing Order service domain Invokes the Show Accounts and Select Ones to Which Signatory Has to Be Added endpoint on Customer Workbench service domain",
            "Step10": "Servicing Order service domain Invokes the Get Details of Selected Accounts endpoint on Corporate Current Account service domain",
            "Step11": "Servicing Order service domain Invokes the Get List of Mandatory Data endpoint on Product Directory service domain",
            "Step12": "Servicing Order service domain invokes Get Details of New Signatory endpoint on Customer Workbench service domain",
            "Step13": "Servicing Order service domain Invokes the Verify Party endpoint on Party Lifecycle Management service domain",
            "Step14": "Servicing Order service domain Invokes the Get List of Required Documents endpoint on Product Directory service domain",
            "Step15": "Servicing Order service domain Invokes the Determine Missing Documents endpoint on Document Services service domain",
            "Step16": "Servicing Order service domain Invokes the Verify and Store Customer Documents endpoint on Document Services service domain",
            "Step17": "Servicing Order service domain Invokes the Add Signatory to Corporate Current Account endpoint on Corporate Current Account service domain",
            "Step18": "Corporate Current Account service domain Invokes the Update Customer Agreement endpoint on Customer Agreement service domain",
            "Step19": "Corporate Current Account service domain Invokes its Authorise New Signatory endpoint",
            "Step20": "Corporate Current Account service domain Invokes the Inform Authorities endpoint on Correspondence service domain",
            "Step21": "Corporate Current Account service domain Invokes the Verify Correct Execution of Signatory Addition Process endpoint on Guideline Compliance service domain"
          }
        ]
      },
      {
        "Scenario": "Conduct Relationship Development Planning",
        "service domain": [
          "Contact Dialogue",
          "Customer Relationship Management",
          "Party Lifecycle Management",
          "Customer Behavioral Insights",
          "Customer Event History",
          "Customer Profile",
          "Customer Product/Service Eligibility",
          "Lead/Opportunity Management"
        ],
        "Sequence": [
          {
            "Step1": "Customer Relationship Management service domain Invokes its Conduct Periodical Customer Analysis endpoint",
            "Step2": "Customer Relationship Management service domain Invokes the Verify Retail Customer endpoint on Party Lifecycle Management service domain",
            "Step3": "Customer Relationship Management service domain Invokes the Determine Customer Qualitfication endpoint on Customer Behavioral Insights service domain",
            "Step4": "Customer Behavioral Insights service domain Invokes the Retrieve Customer History  endpoint on Customer Event History service domain",
            "Step5": "Customer Behavioral Insights service domain Invokes the Update Customer Profile endpoint on Customer Profile service domain",
            "Step6": "Customer Relationship Management service domain Invokes the Get Current Products endpoint on Customer Product/Service Eligibility service domain",
            "Step7": "Customer Relationship Management service domain Invokes its Prepare Relationship Development Plan endpoint",
            "Step8": "Customer Relationship Management service domain Invokes the Discuss Profile and Goals with Customer endpoint on Contact Dialogue service domain",
            "Step9": "Customer Relationship Management service domain Invokes the Re-Assess Eligibility for Additional Products endpoint on Customer Product/Service Eligibility service domain",
            "Step10": "Customer Relationship Management service domain Invokes the Create Opportunity endpoint on Lead/Opportunity Management service domain"
          }
        ]
      },
      {
        "Scenario": "Perform Regulatory KYC Analysis",
        "service domain": [
          "Party Lifecycle Management",
          "Regulatory Compliance",
          "Party Data Management",
          "Information Provider Operation",
          "Correspondence"
        ],
        "Sequence": [
          {
            "Step1": "Party Lifecycle Management service domain Invokes Perform Regulatory KYC Analysis endpoint on Regulatory Compliance service domain",
            "Step2": "Regulatory Compliance service domain Invokes the Extablish Customer Due Diligence Profile endpoint",
            "Step3": "Regulatory Compliance service domain Invokes the Get data for PEP, Sanction and Adverse Information Checks endpoint on Information Provider Operation service domain",
            "Step4": "Regulatory Compliance service domain Invokes the Obtain Missing Information endpoint on Correspondence service domain",
            "Step5": "Regulatory Compliance service domain Invokes its Determine Customer Risk Rating endpoint",
            "Step6": "Regulatory Compliance service domain Invokes Get Details of Related Customers endpoint on Party Data Management service domain",
            "Step7": "Regulatory Compliance service domain Invokes its Perform KYC Evaluation and Signoff endpoint"
          }
        ]
      },
      {
        "Scenario": "EXT Handle Request for Account Statement and Outgoing Credit Transfer",
        "service domain": [
          "Customer Workbench",
          "E-Branch Operations",
          "Contact Handler",
          "Point of Service",
          "Contact Dialogue",
          "Servicing Order",
          "Transaction Authorization",
          "Customer Product/Service Eligibility",
          "Current Account",
          "Position Keeping",
          "Payment Initiation",
          "Transaction Authorization",
          "Current Account",
          "Payment Order",
          "Regulatory Compliance",
          "Payment Execution",
          "Current Account",
          "Correspondent Bank",
          "Financial Gateway",
          "Position Keeping"
        ],
        "Sequence": [
          {
            "Step1": "Customer Workbench service domain Invokes Handle Service Request from Customer endpoint on E-Branch Operations service domain",
            "Step2": "E-Branch Operations service domain Invokes the Start Contact Session endpoint on Contact Handler service domain",
            "Step3": "Contact Handler service domain Invokes the Initiate Servicing dialogue endpoint on Point of Service service domain",
            "Step4": "Point of Service service domain Invokes the Handle Customer Contact endpoint on Contact Dialogue service domain",
            "Step5": "Contact Dialogue service domain Invokes the Get Requested Service from Customer endpoint on Customer Workbench service domain",
            "Step6": "Contact Dialogue service domain Invokes the Handle Request for Account Statement and Balances endpoint on Servicing Order service domain",
            "Step7": "Servicing Order service domain Invokes the Get Transaction Authorisation endpoint on Transaction Authorization service domain",
            "Step8": "Servicing Order service domain Invokes the Get Accounts of This Customer endpoint on Customer Product/Service Eligibility service domain",
            "Step9": "Servicing Order service domain Invokes the Get Details of Customer Request endpoint on Customer Workbench service domain",
            "Step10": "Servicing Order service domain Invokes the Get Account Statement and Balances endpoint on Current Account service domain",
            "Step11": "Current Account service domain Invokes the Get Bookings for This Account endpoint on Position Keeping service domain",
            "Step12": "Current Account service domain Invokes its Prepare Balance Statement endpoint",
            "Step13": "Servicing Order service domain Invokes the Show Balance Statement endpoint on Customer Workbench service domain",
            "Step14": "Contact Dialogue service domain Invokes the Get Requested Service from Customer endpoint on Customer Workbench endpoint",
            "Step15": "Contact Dialogue service domain Invokes the Handle Outgoing Credit Transfer endpoint on Payment Initiation service domain",
            "Step16": "Payment Initiation service domain Invokes the Transaction Authorization endpoint on Transaction Authorization service domain",
            "Step17": "Payment Initiation service domain Invokes the Get Operational Details for Transfer endpoint on Current Account service domain",
            "Step18": "Payment Initiation service domain Invokes the Get Credit Trnasfer Instruction endpoint on Customer Workbench service domain",
            "Step19": "Payment Initiation service domain Invokes its Enrich Credit Transfer endpoint",
            "Step20": "Payment Initiation service domain Invokes its Conduct Duplicate Check endpoint",
            "Step21": "Payment Initiation service domain Invokes the Get Customer Confirmation endpoint on Customer Workbench service domain",
            "Step22": "Payment Initiation service domain Invokes the Initiate Payment Order endpoint on Payment Order service domain",
            "Step23": "Payment Order service domain Invokes the Check Beneficiary endpoint on Regulatory Compliance service domain",
            "Step24": "Payment Order service domain Invokes the Execute Payment Transaction endpoint on Payment Execution service domain",
            "Step25": "If Outgoing Credit Transfer, Payment Execution service domain Invokes the Execute Debit Booking on Current Account endpoint on Current Account service domain",
            "Step26": "Payment Execution service domain Invokes the Execute Credit Booking by Correspondent Bank endpoint on Correspondent Bank service domain",
            "Step27": "Correspondent Bank service domain Invokes the Credit Loro/Nostro Account endpoint on Position Keeping service domain",
            "Step28": "Correspondent Bank service domain Invokes the Send Payment Message endpoint on Financial Gateway service domain"
          }
        ]
      },
      {
        "Scenario": "Initiate Corporate Customer Onboarding (new Customer)",
        "service domain": [
          "Contact Dialogue",
          "Party Lifecycle Management",
          "Customer Credit Rating",
          "Legal Compliance",
          "Document Services",
          "Party Data Management",
          "Party Lifecycle Management"
        ],
        "Sequence": [
          {
            "Step1": "Contact Dialogue service domain Invokes Record Request to Register Party endpoint on Party Lifecycle Management service domain",
            "Step2": "Party Lifecycle Management service domain Invokes its Analyse and Complete Onboarding Request endpoint",
            "Step3": "Party Lifecycle Management service domain Invokes the Verify validity of submitted documents endpoint on Document Services service domain",
            "Step4": "Party Lifecycle Management service domain Invokes the Retrieve Corporate Customer Details endpoint on Party Data Managements service domain",
            "Step5": "Party Lifecycle Management service domain Invokes its Check Related Parties endpoint",
            "Step6": "Party Lifecycle Management service domain Invokes Perform Customer Due Diligence Assessment endpoint on Party Lifecycle Management service domain",
            "Step7": "Party Lifecycle Management service domain Invokes the Conduct Credit Process of Corporate Customer Onboarding endpoint on Customer Credit Rating service domain",
            "Step8": "Party Lifecycle Management service domain Invokes the Conduct Legal Process of Corporate Customer Onboarding endpoint on Legal Compliance service domain"
          }
        ]
      },
      {
        "Scenario": "Verify Corporate Customer",
        "service domain": [
          "Customer Offer",
          "Party Lifecycle Management",
          "Customer Credit Rating",
          "Legal Compliance",
          "Party Data Management",
          "Party Lifecycle Management"
        ],
        "Sequence": [
          {
            "Step1": "Customer Offer service domain Invokes Verify Corporate Customer endpoint on Party Lifecycle Management service domain",
            "Step2": "Party Lifecycle Management service domain Invokes the Retrieve Corporate Customer Details endpoint on Party Data Management service domain",
            "Step3": "Party Lifecycle Management service domain Invokes its Determine Need for Reassessment endpoint",
            "Step4": "Party Lifecycle Management service domain Invokes the Perform Customer Due Diligence Assessment endpoint on Party Lifecycle Management service domain",
            "Step5": "Party Lifecycle Management service domain Invokes the Conduct Credit Process of Corporate Customer Onboarding endpoint on Customer Credit Rating service domain",
            "Step6": "Party Lifecycle Management service domain Invokes Conduct Legal Process of Corporate Customer Onboarding endpoint on Legal Compliance service domain",
            "Step7": "Party Lifecycle Management service domain Invokes the Update Corporate CustomerDetails endpoint on Party Data Management service domain"
          }
        ]
      },
      {
        "Scenario": "Process Internal Upsell Campaign",
        "service domain": [
          "Customer Campaign Management",
          "Customer Campaign Execution",
          "Customer Campaign Design",
          "Customer Relationship Management",
          "Customer Behavioral Insights",
          "Lead/Opportunity Management",
          "Customer Profile"
        ],
        "Sequence": [
          {
            "Step1": "Customer Campaign Management service domain Invokes Authorise New Campaign endpoint on Customer Campaign Execution service domain",
            "Step2": "Customer Campaign Execution service domain Invokes the Obztain Campaign Details endpoint on Customer Campaign Design service domain",
            "Step3": "Customer Campaign Execution service domain Invokes the Get Customers Matching Campaign Criteria endpoint on Customer Relationship Management service domain",
            "Step4": "If Need for Update, Customer Relationship Management service domain Invokes the Retrieve Insights endpoint on Customer Behavioral Insights service domain",
            "Step5": "Customer Campaign Execution service domain Invokes the Capture Lead for Processing endpoint on Lead/Opportunity Management service domain",
            "Step6": "Customer Campaign Execution service domain Invokes Set to Eligible for Campaign endpoint on Customer Profile service domain"
          }
        ]
      },
      {
        "Scenario": "Perform Customer Due Diligence Assessment",
        "service domain": [
          "Party Lifecycle Management",
          "Document Services",
          "Guideline Compliance",
          "Party Data Management",
          "Regulatory Compliance"
        ],
        "Sequence": [
          {
            "Step1": "Party Lifecycle Management service domain Invokes Perform Customer Due Diligence Assessment endpoint on Party Lifecycle Management service domain",
            "Step2": "Party Lifecycle Management service domain Invokes the Retrieve Corporate Customer Details endpoint on Party Data Management service domain",
            "Step3": "If New Party, Party Lifecycle Management service domain Invokes the Activate Party endpoint on Party Data Management service domain",
            "Step4": "Party Lifecycle Management service domain Invokes the Perform Regulatory KYC Analysis endpoint on Regulatory Compliance service domain",
            "Step5": "Party Lifecycle Management service domain Invokes its Perform 4-Eye Check endpoint",
            "Step6": "Party Lifecycle Management service domain Invokes the Evaluate Customer Due Diligence Assessment endpoint on Guideline Compliance endpoint",
            "Step7": "Party Lifecycle Management service domain Invokes its Sign Off on Customer Due Diligence Assessment endpoint",
            "Step8": "Party Lifecycle Management service domain Invokes its Update KYC File endpoint",
            "Step9": "Party Lifecycle Management service domain Invokes the File KYC File and Documentation endpoint on Document Services service domain",
            "Step10": "Party Lifecycle Management service domain Invokes the Update Corporate Customer Details endpoint on Party Data Management service domain",
            "Step11": "Party Lifecycle Management service domain Invokes the Perform Other Regulatory Assessments endpoint on Party Lifecycle Management service domain"
          }
        ]
      },
      {
        "Scenario": "Perform other Regulatory Assessments",
        "service domain": [
          "Party Lifecycle Management",
          "Party Lifecycle Management",
          "Party Data Management",
          "Regulatory Compliance",
          "Correspondence"
        ],
        "Sequence": [
          {
            "Step1": "Party Lifecycle Management service domain Invokes Perform other Regulatory Assessments endpoint on Party Lifecycle Management",
            "Step2": "Party Lifecycle Management service domain Invokes the Perform other Regulatory Assessments endpoint",
            "Step3": "Party Lifecycle Management service domain Invokes the Conduct Markets in Financial Instruments Directive Classification endpoint on Regulatory Compliance service domain",
            "Step4": "Party Lifecycle Management service domain Invokes the Obtain Information on Customer Knowledge endpoint on Correspondence service domain",
            "Step5": "Party Lifecycle Management service domain Invokes the Conduct European Market Infrastructure Regulation Classification endpoint on Regulatory Compliance service domain",
            "Step6": "Party Lifecycle Management service domain Invokes the Conduct Foreign Account Tax Compliance Act Classification endpoint on Regulatory Compliance service domain",
            "Step7": "Party Lifecycle Management service domain Invokes the Conduct Common Reporting Standard Classification endpoint",
            "Step8": "Party Lifecycle Management service domain invokes its Perform 4-Eye Check endpoint",
            "Step9": "Party Lifecycle Management service domain invokes the Update Corporate Customer Details endpoint on Party Data Management service domain"
          }
        ]
      },
      {
        "Scenario": "Handle Request for Power of Attorney",
        "service domain": [
          "Contact Dialogue",
          "Customer Relationship Management",
          "Document Services",
          "Party Lifecycle Management",
          "Party Data Management",
          "Customer Product/Service Eligibility",
          "Current Account",
          "Deposit Account",
          "Loan",
          "Customer Agreement",
          "Correspondence"
        ],
        "Sequence": [
          {
            "Step1": "Contact Dialogue service domain Invokes Handle Request for Power of Attorney endpoint on Customer Relationship Management service domain",
            "Step2": "Customer Relationship Management service domain Invokes its Verify Identity of Requesting Party endpoint",
            "Step3": "Customer Relationship Management service domain Invokes its Verify Completeness of Set of Documents endpoint",
            "Step4": "Customer Relationship Management service domain Invokes the Verify Validity of Documents endpoint on Document Services service domain",
            "Step5": "Customer Relationship Management service domain Invokes the Verify Retail Customer endpoint on Party Lifecycle Management service domain",
            "Step6": "For Signatory, Customer Relationship Management service domain Invokes Verify Party endpoint on Party Lifecycle Management service domain",
            "Step7": "Customer Relationship Management service domain invokes the Get All Products of This Customer endpoint on Customer Product/Service Eligibility service domain",
            "Step8": "For Each Applicable Current Account, Customer Relationship Management service domain invokes the Add Signatory endpoint on Current Account service domain",
            "Step9": "For Each Applicable Deposit Account, Customer Relationship Management service domain invokes the Add Signatory endpoint on Deposit Account service domain",
            "Step10": "For Each Applicable Loan, Customer Relationship Management service domain invokes the Add Signatory endpoint on Loan service domain",
            "Step11": "Customer Relationship Management service domain invokes the Record Products for Power of Attorney endpoint on Party Data Management service domain",
            "Step12": "Customer Relationship Management service domain invokes the Update Customer Agreement endpoint on Customer Agreement service domain",
            "Step13": "Customer Relationship Management service domain invokes the Send Confirmations to Customer and Signatory endpoint on Correspondence service domain"
          }
        ]
      },
      {
        "Scenario": "EXT Handle Customer Relationships Case",
        "service domain": [
          "Customer Workbench",
          "E-Branch Operations",
          "Contact Handler",
          "Point of Service",
          "Contact Dialogue",
          "Servicing Order",
          "Transaction Authorization",
          "Customer Product/Service Eligibility",
          "Customer Case",
          "Current Account",
          "Position Keeping",
          "Payment Order",
          "Customer Behavioral Insights",
          "Customer Event History",
          "Product Directory",
          "Customer Agreement"
        ],
        "Sequence": [
          {
            "Step1": "Customer Workbench service domain Invokes Handle Service Request from Customer endpoint on E-Branch Operations service domain",
            "Step2": "E-Branch Operations service domain Invokes the Start Contact Session endpoint on Contact Handler service domain",
            "Step3": "Contact Handler service domain Invokes the Initiate Servicing Dialogue endpoint on Point of Service service domain",
            "Step4": "Point of Service service domain Invokes the Handle Customer Contact endpoint on Contact Dialogue service domain",
            "Step5": "Contact Dialogue service domain Invokes the Get Requested Service from Customer endpoint on Customer Workbench service domain",
            "Step6": "Contact Dialogue service domain Invokes Handel Customer Complaint endpoint on Servicing Order service domain",
            "Step7": "Servicing Order service domain invokes the Get Transaction Authorisation endpoint on Transaction Authorization service domain",
            "Step8": "Servicing Order service domain invokes the Get Accounts of This Customer endpoint on Customer Product/Service Eligibility service domain",
            "Step9": "Servicing Order service domain invokes the Get Details of Customer Complaint endpoint on Customer Workbench service domain",
            "Step10": "Servicing Order service domain invokes the Handle Customer Case endpoint on Customer Case service domain",
            "Step11": "Customer Case service domain invokes the Get Details of Charge Transactions for This Acount endpoint on Current Account service domain",
            "Step12": "Current Account service domain invokes the Get Bookings for Specified Type and Period endpoint on Position Keeping service domain",
            "Step13": "Customer Case service domain invokes the Get Product Case Guidelines endpoint on Product Directory service domain",
            "Step14": "Customer Case service domain invokes the Get Customer Dispute Thresholds endpoint on Customer Agreement service domain",
            "Step15": "If Case Is Above Thresholds, Customer Case service domain Invokes the Confirm Involved Bookings with Customer endpoint on Customer Workbench service domain",
            "Step16": "Customer Case service domain Invokes the Get Customer History endpoint on Customer Event History service domain",
            "Step17": "Customer Case service domain invokes the Get Propensity to Dispute Transactions endpoint on Customer Behavioral Insights service domain",
            "Step18": "Customer Case service domain invokes its Determine Acceptability of Customer Complaint endpoint",
            "Step19": "Customer Case service domain invokes the Create Corrective Payment Transaction endpoint on Payment Order service domain",
            "Step20": "Customer Case service domain invokes its Close Customer Case endpoint",
            "Step21": "Servicing Order service domain invokes the Inform Customer on Case Resolution endpoint on Customer Workbench service domain"
          }
        ]
      },
      {
        "Scenario": "Verify Retail Customer",
        "service domain": [
          "Customer Offer",
          "Party Lifecycle Management",
          "Customer Credit Rating",
          "Location Data Management",
          "Regulatory Compliance",
          "Party Data Management",
          "Party Lifecycle Management"
        ],
        "Sequence": [
          {
            "Step1": "Customer Offer service domain Invokes Verify Retail Customer endpoint on Party Lifecycle Management service domain",
            "Step2": "Party Lifecycle Management service domain Invokes the Retrieve Retail Customer Data endpoint on Party Data Management service domain",
            "Step3": "Party Lifecycle Management service domain Invokes its Determine Need for Reassessment endpoint",
            "Step4": "Party Lifecycle Management service domain Invokes the Get Location Data for Verification on Location Data Management service domain",
            "Step5": "Party Lifecycle Management service domain Invokes the Perform Regulatory KYC Analysis endpoint on Regulatory Compliance service domain",
            "Step6": "Party Lifecycle Management service domain Invokes the Perform Due Diligence Assessment endpoint on Party Lifecycle Management service domain",
            "Step7": "Party Lifecycle Management service domain Invokes the Retrieve Credit Rating Assessment endpoint on Customer Credit Rating service domain",
            "Step8": "Party Lifecycle Management service domain Invokes the Update Retail Customer Details endpoint on Party Data Management service domain"
          }
        ]
      }
    ]
  }
}
