{
    "text": {
        "Business Domain": "Business Development",
        "Business Scenarios Context": "Business Development",
        "Business Scenarios": [
            {
                "Scenario": "Develop Opportunity",
                "Service Domains": [
                    "Point of Service",
                    "Lead/Opportunity Management",
                    "Advanced Voice Services Operations",
                    "Contact Handler",
                    "Contact Routing",
                    "Contact Dialogue",
                    "Customer Access Entitlement",
                    "Customer Offer"
                ],
                "Sequence": [
                    {
                        "Step1": "Point of Service service domain Invokes the Get Details of Available Opportunity endpoint on Lead/Opportunity Management service domain",
                        "Step2": "Point of Service service domain Invokes the Obtain Outbound Connection endpoint on Advanced Voice Services Operations service domain",
                        "Step3": "Advanced Voice Services Operations service domain Invokes the Initiate Outbound Phone Connection endpoint on Contact Handler service domain",
                        "Step4": "Contact Handler service domain Invokes the Initiate Outbound Contact Session endpoint on Contact Routing service domain",
                        "Step5": "Point of Service service domain Invokes its Initiate Customer Contact endpoint",
                        "Step6": "Point of Service service domain Invokes the Handle Customer Contact endpoint on Information Contact Dialogue service domain",
                        "Step7": "Contact Dialogue service domain Invokes the Check Customer Access Terms endpoint on Customer Access Entitlement service domain",
                        "Step8": "Contact Dialogue service domain Invokes the Record Request to Open Savings Account endpoint on Customer Offer service domain"
                    }
                ]
            },
            {
                "Scenario": "Assess Customer Behaviour Model Performance",
                "Service Domains": [
                    "Business Development",
                    "Customer Behavior Models",
                    "Customer Relationship Management",
                    "Customer Offer",
                    "Savings Account",
                    "Customer Behavioral Insights",
                    "Customer Event History"
                ],
                "Sequence": [
                    {
                        "Step1": "Business Development service domain Invokes Assess Customer Behaviour Model Performance endpoint on Customer Behavior Models service domain",
                        "Step2": "Customer Behavior Models service domain Invokes the Get Use and Impact of Models Data endpoint on Customer Relationship Management service domain",
                        "Step3": "Customer Behavior Models service domain Invokes the Get Use and Impact of Models Data endpoint on Customer Offer service domain",
                        "Step4": "Customer Behavior Models service domain Invokes the Get Use and Impact of Models Data endpoint on Savings Account service domain",
                        "Step5": "Customer Behavior Models service domain Invokes the Get Use and Impact of Models Data endpoint on Customer Behavioral Insights service domain",
                        "Step6": "Customer Behavior Models service domain Invokes Get Use and Impact of Models Data endpoint on Customer Event History service domain",
                        "Step7": "Business Development service domain Invokes its Review Assessment endpoint"
                    }
                ]
            },
            {
                "Scenario": "Create Customer Reports",
                "Service Domains": [
                    "Customer Workbench",
                    "E-Branch Operations",
                    "Contact Handler",
                    "Point of Service",
                    "Contact Dialogue",
                    "Customer Product/Service Eligibility",
                    "Servicing Order",
                    "Servicing Mandate",
                    "Customer Position",
                    "Customer Tax Handling",
                    "Current Account",
                    "Customer Billing",
                    "Payment Order",
                    "Correspondence"
                ],
                "Sequence": [
                    {
                        "Step1": "Customer Workbench service domain Invokes Handle Service Request from Customer endpoint on E-Branch Operations service domain",
                        "Step2": "E-Branch Operations service domain Invokes the Start Contact Session endpoint on Contact Handler service domain",
                        "Step3": "Contact Handler service domain Invokes the Initiate Servicing Dialogue endpoint on Point of Service service domain",
                        "Step4": "Point of Service service domain Invokes the Handle Customer Contact endpoint on Contact Dialogue service domain",
                        "Step5": "Contact Dialogue service domain Invokes the Get Customer Products endpoint on Customer Product/Service Eligibility service domain",
                        "Step6": "Contact Dialogue service domain Invokes Get Requested Service from Customer endpoint on Customer Workbench service domain",
                        "Step7": "Contact Dialogue service domain invokes the Handle Request for Customer Reports endpoint on Servicing Order service domain",
                        "Step8": "If Request for Servicing Mandate, Servicing Order service domain invokes the Retrieve Servicing Mandate endpoint on Servicing Mandate service domain",
                        "Step9": "If Request for Customer Position, Servicing Order service domain invokes the Retrieve Customer Position endpoint on Customer Position service domain",
                        "Step10": "If Request for Tax Report, Servicing Order service domain invokes the Retrieve Customer Tax Information endpoint on Customer Tax Handling service domain",
                        "Step11": "If Request for Product Usage Report, Servicing Order service domain invokes the Retrieve Customer Usage and Activities endpoint on Current Account service domain",
                        "Step12": "Servicing Order service domain invokes its Compile Report endpoint",
                        "Step13": "Servicing Order service domain invokes the Send Report to Customer endpoint on Correspondence service domain",
                        "Step14": "If Invoice to Be Sent, Servicing Order service domain invokes the Invoice Customer for Fees and Charges endpoint on Customer Billing service domain",
                        "Step15": "Customer Billing service domain invokes the Send Invoice to Customer endpoint on Correspondence service domain",
                        "Step16": "Servicing Order service domain invokes the Create Payment Order for Fees and Charges endpoint on Payment Order service domain"
                    }
                ]
            },
            {
                "Scenario": "Customer Relationship Case Initiation",
                "Service Domains": [
                    "Point of Service",
                    "Contact Dialogue",
                    "Current Account",
                    "Customer Case"
                ],
                "Sequence": [
                    {
                        "Step1": "Point of Service service domain Invokes Handle Customer Contact endpoint on Contact Dialogue service domain",
                        "Step2": "Contact Dialogue service domain Invokes its Handle Customer Complaint endpoint",
                        "Step3": "Contact Dialogue service domain Invokes the Get Transaction Details endpoint on Current Account service domain",
                        "Step4": "Contact Dialogue service domain Invokes its Analyse Disputed Transaction service domain",
                        "Step5": "Contact Dialogue service domain Invokes the Raise Customer Case endpoint on Customer Case service domain",
                        "Step6": "Contact Dialogue service domain Invokes the Reverse Disputed Transaction endpoint on Current Account service domain"
                    }
                ]
            },
            {
                "Scenario": "Analyse External Campaign Portfolio Performance",
                "Service Domains": [
                    "Business Development",
                    "Segment Direction",
                    "Prospect Campaign Management",
                    "Prospect Campaign Design",
                    "Market Analysis",
                    "Market Research"
                ],
                "Sequence": [
                    {
                        "Step1": "Business Development service domain Invokes its Initiate External Campaign Portfolio Performance Review endpoint",
                        "Step2": "Business Development service domain Invokes the Get Segment Performance by Customer and Product endpoint on Segment Direction service domain",
                        "Step3": "Business Development service domain Invokes the Get Prospect Campaign Performance endpoint on Prospect Campaign Management service domain",
                        "Step4": "Business Development service domain Invokes the Get Prospect Campaign Version Data endpoint on Prospect Campaign Design service domain",
                        "Step5": "Business Development service domain Invokes the /Conduct Comparative Market Analysis endpoint on Market Analysis service domain",
                        "Step6": "Market Analysis service domain Invokes the Get Competitor Campaign Data endpoint on Market Research service domain",
                        "Step7": "Business Development service domain invokes its Analyse External Campaign Portfolio Performance endpoint"
                    }
                ]
            },
            {
                "Scenario": "Handle Request for Product Support",
                "Service Domains": [
                    "Point of Service",
                    "Contact Dialogue",
                    "Customer Profile",
                    "Customer Relationship Management",
                    "Customer Behavioral Insights",
                    "Customer Product/Service Eligibility",
                    "Lead/Opportunity Management"
                ],
                "Sequence": [
                    {
                        "Step1": "Point of Service service domain Invokes Handle Customer Contact endpoint on Contact Dialogue service domain",
                        "Step2": "Contact Dialogue service domain Invokes the Record Request for Product Support endpoint on Contact Dialogue service domain",
                        "Step3": "Contact Dialogue service domain Invokes its Get Customer Status on Customer Profile endpoint",
                        "Step4": "Contact Dialogue service domain Invokes the Handle Request for Product Support endpoint on Customer Relationship Management service domain",
                        "Step5": "Customer Relationship Management service domain Invokes the Get Behavioural Insights endpoint on Customer Behavioral Insights service domain",
                        "Step6": "Customer Relationship Management service domain Invokes Retrieve Products for which Cuatomer Is Eligible endpoint on Customer Product/Service Eligibility service domain",
                        "Step7": "Customer Relationship Management service domain invokes its Determine Next Best Product endpoint",
                        "Step8": "Customer Relationship Management service domain invokes the Create Opportunity endpoint on Lead/Opportunity Management service domain"
                    }
                ]
            },
            {
                "Scenario": "Analyse Customer Segment Performance",
                "Service Domains": [
                    "Business Development",
                    "Segment Direction",
                    "Customer Portfolio",
                    "Market Analysis",
                    "Market Research",
                    "Customer Surveys"
                ],
                "Sequence": [
                    {
                        "Step1": "Business Development service domain Invokes its Initiate Segment Performance Review endpoint",
                        "Step2": "Business Development service domain Invokes the Get Segment Performance by Customer and Product endpoint on Segment Direction service domain",
                        "Step3": "Business Development service domain Invokes the Get Customer Performance Analysis endpoint on Customer Portfolio service domain",
                        "Step4": "Business Development service domain Invokes the Get Customer Performance Analysis endpoint on Market Analysis service domain",
                        "Step5": "Market Analysis service domain Invokes the Get Customer Market Data endpoint on Market Research service domain",
                        "Step6": "Market Research service domain Invokes Get Customer Survey Data endpoint on Customer Surveys service domain",
                        "Step7": "Business Development service domain invokes its Analyse Customer Segment Performance endpoint"
                    }
                ]
            },
            {
                "Scenario": "Perform Customer Relationship Development Planning",
                "Service Domains": [
                    "Customer Relationship Management",
                    "Customer Behavioral Insights",
                    "Customer Product/Service Eligibility",
                    "Savings Account",
                    "Customer Event History",
                    "Market Research",
                    "Lead/Opportunity Management"
                ],
                "Sequence": [
                    {
                        "Step1": "Customer Relationship Management service domain Invokes its Develop Customer Relationship Plan endpoint",
                        "Step2": "Customer Relationship Management service domain Invokes the Provide Customer Behavioural Insights endpoint on Customer Behavioral Insights service domain",
                        "Step3": "Customer Relationship Management service domain Invokes the Provide Customer Product and Service usage and Eligibility endpoint on Customer Product/Service Eligibility service domain",
                        "Step4": "For Each Product and Service, Customer Relationship Management service domain Invokes the Provide Product Usage and Activity Report service domain on Savings Account service domain",
                        "Step5": "Customer Relationship Management service domain Invokes the Provide Customer Activity and Event History endpoint on Customer Event History service domain",
                        "Step6": "Customer Relationship Management service domain Invokes the Provide Market Research and Social Network Details endpoint on Market Research service domain",
                        "Step7": "Customer Relationship Management service domain Invokes its Identify Customer Relationship Development Opportunities endpoint",
                        "Step8": "Customer Relationship Management service domain Invokes the Record Leads and Opportunities endpoint on Lead/Opportunity Management service domain",
                        "Step9": "Customer Relationship Management service domain Invokes its Update Customer Relationship Plan with Identified Opportunities endpoint"
                    }
                ]
            },
            {
                "Scenario": "Perform Internal Campaign Development",
                "Service Domains": [
                    "Business Development",
                    "Segment Direction",
                    "Market Analysis",
                    "Market Research",
                    "Customer Campaign Management",
                    "Customer Campaign Design"
                ],
                "Sequence": [
                    {
                        "Step1": "Business Development service domain Invokes its Initiate Internal Campaing Development endpoint",
                        "Step2": "Business Development service domain Invokes the Get Segment Performance by Customer and Product endpoint on Segment Direction service domain",
                        "Step3": "Business Development service domain Invokes the Conduct Comparative Market Analysis endpoint on Market Analysis service domain",
                        "Step4": "Market Analysis service domain Invokes the Get Competitor Campaign Data endpoint on Market Research service domain",
                        "Step5": "Business Development service domain Invokes the Develop Internal Customer Campaign endpoint on Customer Campaign Management service domain",
                        "Step6": "Customer Campaign Management service domain the Invokes Design Customer Campaign Enhancements endpoint on Customer Campaign Design service domain",
                        "Step7": "Customer Campaign Design service domain invokes the Get Detailed Competitor Campaign Data endpoint on Market Research service domain",
                        "Step8": "Business Development service domain invokes its Assess Internal Campaign Enhancements endpoint"
                    }
                ]
            },
            {
                "Scenario": "Perform Servicing Root Cause Analysis",
                "Service Domains": [
                    "Servicing Activity Analysis",
                    "Servicing Event History",
                    "Product Design",
                    "Management Manual"
                ],
                "Sequence": [
                    {
                        "Step1": "Servicing Activity Analysis service domain Invokes Get Servicing History Report endpoint on Servicing Event History service domain",
                        "Step2": "Servicing Activity Analysis service domain Invokes its Analyse Servicing Activity for Recurring Issue endpoint",
                        "Step3": "Servicing Activity Analysis service domain Invokes the Retrieve Product Servicing Guidelines endpoint on Product Design service domain",
                        "Step4": "Servicing Activity Analysis service domain Invokes the Update Procedural Guidelines endpoint on Management Manual service domain"
                    }
                ]
            },
            {
                "Scenario": "Perform Customer Eligibility Profile Update",
                "Service Domains": [
                    "Customer Relationship Management",
                    "Customer Behavioral Insights",
                    "Customer Product/Service Eligibility",
                    "Savings Account",
                    "Product Matching",
                    "Product Directory",
                    "Lead/Opportunity Management"
                ],
                "Sequence": [
                    {
                        "Step1": "Customer Relationship Management service domain Invokes its Update Customer Eligibility Profile endpoint",
                        "Step2": "Customer Relationship Management service domain Invokes the Provide Customer Behavioural Insights endpoint on Customer Behavioral Insights service domain",
                        "Step3": "Customer Relationship Management service domain Invokes the Provide Customer Product and Service Usage and Eligibility endpoint on Customer Product/Service Eligibility service domain",
                        "Step4": "For Each Customer Product and Service, Customer Relationship Management service domain Invokes the Provide Produt Usage and Activity Report endpoint on Savings Account service domain",
                        "Step5": "Customer Relationship Management service domain Invokes the Match Products to Different Customer Scenarios endpoint on Product Matching service domain",
                        "Step6": "Customer Relationship Management service domain Invokes the Match Product Details to Different Customer Scenarios endpoint on Product Directory service domain",
                        "Step7": "Customer Relationship Management service domain invokes the Update Customer Product and Service Eligibility endpoint on Customer Product/Service Eligibility service domain",
                        "Step8": "Customer Product/Service Eligibility service domain invokes its Review Suitability of Proposed Additions endpoint",
                        "Step9": "Customer Relationship Management service domain invokes the Capture New Leads and Opportunities endpoint on Lead/Opportunity Management service domain",
                        "Step10": "Customer Relationship Management service domain invokes its Update Customer Relationship Plan endpoint"
                    }
                ]
            },
            {
                "Scenario": "Analyse Product Portfolio Performance",
                "Service Domains": [
                    "Business Development",
                    "Segment Direction",
                    "Product Portfolio",
                    "Deposit Account",
                    "Market Analysis",
                    "Market Research"
                ],
                "Sequence": [
                    {
                        "Step1": "Business Development service domain Invokes its Initiate Product Performance Review endpoint",
                        "Step2": "Business Development service domain Invokes the Get Product Performance Goals and Profitability endpoint on Segment Direction service domain",
                        "Step3": "Business Development service domain Invokes the Perform Product Profitability Performance Analysis endpoint on Product Portfolio service domain",
                        "Step4": "Business Development service domain Invokes the Get Product Activity Report endpoint on Deposit Account service domain",
                        "Step5": "Business Development service domain Invokes the Perform Market Analysis for Selected Products endpoint on Market Analysis service domain",
                        "Step6": "Market Analysis service domain Invokes the Get Product Performance Data endpoint on Market Research service domain",
                        "Step7": "Business Development service domain Invokes its Review Product Portfolio Performance endpoint"
                    }
                ]
            },
            {
                "Scenario": "Perform Outbound Customer Upsell Solicitation",
                "Service Domains": [
                    "Point of Service",
                    "Lead/Opportunity Management",
                    "Advanced Voice Services Operations",
                    "Contact Handler",
                    "Contact Routing",
                    "Contact Dialogue",
                    "Customer Access Entitlement",
                    "Customer Relationship Management",
                    "Customer Campaign Execution",
                    "Correspondence"
                ],
                "Sequence": [
                    {
                        "Step1": "Point of Service service domain Invokes Get Details of Available Opportunity endpoint on Lead/Opportunity Management service domain",
                        "Step2": "Point of Service service domain Invokes the Obtain Outbound Connection endpoint on Advanced Voice Services Operations service domain",
                        "Step3": "Advanced Voice Services Operations service domain Invokes the Initiate Outbound Phone Connection endpoint on Contact Handler service domain",
                        "Step4": "Contact Handler service domain Invokes the Initiate Outbound Contact Session endpoint on Contact Routing service domain",
                        "Step5": "Point of Service service domain Invokes its Initiate Customer Contact endpoint",
                        "Step6": "Point of Service service domain Invokes the Handle Customer Contact endpoint on Contact Dialogue service domain",
                        "Step7": "Contact Dialogue service domain Invokes the Check Customer Access Terms endpoint on Customer Access Entitlement service domain",
                        "Step8": "Contact Dialogue service domain Invokes the Get Relationship Overview endpoint on Customer Relationship Management service domain",
                        "Step9": "Contact Dialogue service domain Invokes the Define Upsell Campaign endpoint on Customer Campaign Execution service domain",
                        "Step10": "Contact Dialogue service domain Invokes the Send Text Message to Customer endpoint on Correspondence service domain"
                    }
                ]
            },
            {
                "Scenario": "Develop Customer Insights",
                "Service Domains": [
                    "Customer Behavioral Insights",
                    "Customer Relationship Management",
                    "Customer Product/Service Eligibility",
                    "Savings Account",
                    "Customer Event History",
                    "Channel Activity History",
                    "Market Research"
                ],
                "Sequence": [
                    {
                        "Step1": "Customer Behavioral Insights service domain Invokes Provide Customer Relationship Activity Summary endpoint on Customer Relationship Management service domain",
                        "Step2": "Customer Behavioral Insights service domain Invokes the Provide Customer Product Service usage and Eligibility endpoint on Customer Product/Service Eligibility service domain",
                        "Step3": "For Each Product and Service, Customer Behavioral Insights service domain Invokes the Provide Product Activity Report endpoint on Savings Account service domain",
                        "Step4": "Customer Behavioral Insights service domain Invokes the Provide Customer Activity and Event History endpoint on Customer Event History service domain",
                        "Step5": "Customer Behavioral Insights service domain Invokes the Provide Customer Channel and Device Activity Report endpoint on Channel Activity History service domain",
                        "Step6": "Customer Behavioral Insights service domain Invokes the Provide Customer Market Research and Social Network Details endpoint on Market Research service domain"
                    }
                ]
            },
            {
                "Scenario": "Develop External Campaign",
                "Service Domains": [
                    "Business Development",
                    "Segment Direction",
                    "Market Analysis",
                    "Market Research",
                    "Prospect Campaign Management",
                    "Prospect Campaign Design"
                ],
                "Sequence": [
                    {
                        "Step1": "Business Development service domain Invokes its Initiate External Campaign Development endpoint",
                        "Step2": "Business Development service domain Invokes the Get Segment Performance by Customer and Product endpoint on Segment Direction service domain",
                        "Step3": "Business Development service domain Invokes the Conduct Comparative Market Analysis endpoint on Market Analysis service domain",
                        "Step4": "Market Analysis service domain Invokes the Get competitor Campaign Data endpoint on Market Research service domain",
                        "Step5": "Business Development service domain Invokes the Develop Prospect Campaign endpoint on Prospect Campaign Management service domain",
                        "Step6": "Prospect Campaign Management service domain Invokes the Design Prospect Campaign Enhancements endpoint on Prospect Campaign Design service domain",
                        "Step7": "Prospect Campaign Design service domain Invokes the Get Detailed Competitor Campaign Data endpoint on Market Research service domain",
                        "Step8": "Business Development service domain Invokes its Assess Prospect Campaign Enhancement endpoint"
                    }
                ]
            },
            {
                "Scenario": "Execute External Campaign",
                "Service Domains": [
                    "Prospect Campaign Management",
                    "Prospect Campaign Execution",
                    "Prospect Campaign Design",
                    "Market Analysis",
                    "Market Research",
                    "Correspondence",
                    "Party Lifecycle Management"
                ],
                "Sequence": [
                    {
                        "Step1": "Prospect Campaign Management service domain Invokes Initiate External Campaign endpoint on Prospect Campaign Execution service domain",
                        "Step2": "Prospect Campaign Execution service domain Invokes the Select Suitable Campaign endpoint on Prospect Campaign Execution service domain",
                        "Step3": "For All Campaigns that Match Criteria, Prospect Campaign Execution service domain Invokes the Get Prospect Campaign Details endpoint on Prospect Campaign Design service domain",
                        "Step4": "Prospect Campaign Execution service domain Invokes the Get List of Prospects endpoint on Market Analysis service domain",
                        "Step5": "Market Analysis service domain Invokes the Get Details of Prospects endpoint on Market Research endpoint",
                        "Step6": "Prospect Campaign Execution service domain Invokes its Prepare Mailshot endpoint",
                        "Step7": "Prospect Campaign Execution service domain Invokes the Send Messages and Capture Responses endpoint on Correspondence service domain",
                        "Step8": "Prospect Campaign Execution service domain Invokes the Record New Prospects endpoint on Party Lifecycle Management service domain",
                        "Step9": "Prospect Campaign Execution service domain Invokes the Update Campaign Version Statistics endpoint on Prospect Campaign Design service domain"
                    }
                ]
            },
            {
                "Scenario": "Handle Failed Self Service Product Application",
                "Service Domains": [
                    "Advanced Voice Services Operations",
                    "Contact Handler",
                    "Channel Activity History",
                    "Contact Routing",
                    "Point of Service",
                    "Contact Dialogue",
                    "Customer Offer"
                ],
                "Sequence": [
                    {
                        "Step1": "Advanced Voice Services Operations service domain Invokes Handle Failed Self Service Application endpoint on Contact Handler service domain",
                        "Step2": "Contact Handler service domain Invokes the Get Recent Channel Activity endpoint on Channel Activity History service domain",
                        "Step3": "Contact Handler service domain Invokes the Reroute Failed Application endpoint on Contact Routing service domain",
                        "Step4": "Contact Routing service domain Invokes the Initiate Servicing Dialogue endpoint on Point of Service service domain",
                        "Step5": "Point of Service service domain Invokes the Get Failed Offer Details endpoint on Customer Offer service domain",
                        "Step6": "Point of Service service domain Invokes the Handle Customer Contact endpoint on Contact Dialogue service domain",
                        "Step7": "Contact Dialogue service domain Invokes the Record Request to Open Savings Account endpoint on Customer Offer service domain",
                        "Step8": "Contact Handler service domain Invokes the Record Contact Details endpoint on Channel Activity History service domain"
                    }
                ]
            },
            {
                "Scenario": "Initiate Customer Relationship Case",
                "Service Domains": [
                    "Point of Service",
                    "Contact Dialogue",
                    "Savings Account",
                    "Customer Case",
                    "Payment Order",
                    "Customer Case"
                ],
                "Sequence": [
                    {
                        "Step1": "Point of Service service domain Invokes Handle Customer Contact endpoint on Contact Dialogue service domain",
                        "Step2": "Contact Dialogue service domain Invokes the Handle Customer Case endpoint on Customer Case service domain",
                        "Step3": "Customer Case service domain Invokes the Get Details of Charge Transactions for This Account endpoint on Savings Account service domain",
                        "Step4": "Customer Case service domain Invokes its Determine Acceptability of Customer Complaint endpoint",
                        "Step5": "Customer Case service domain Invokes the Create Corrective Payment Transaction endpoint on Payment Order service domain",
                        "Step6": "Customer Case service domain Invokes its Finalise Customer Case Resolution endpoint"
                    }
                ]
            },
            {
                "Scenario": "Analyse Internal Campaign Portfolio Performance",
                "Service Domains": [
                    "Business Development",
                    "Segment Direction",
                    "Customer Campaign Management",
                    "Customer Campaign Design",
                    "Market Analysis",
                    "Market Research"
                ],
                "Sequence": [
                    {
                        "Step1": "Business Development service domain Invokes its Initiate Internal Campaign Portfolio Performance Review endpoint",
                        "Step2": "Business Development service domain Invokes the Get Segment Performance by Customer and Product endpoint on Segment Direction service domain",
                        "Step3": "Business Development service domain Invokes the Get Customer Campaign Performance endpoint on Customer Campaign Management service domain",
                        "Step4": "Business Development service domain Invokes the Get Customer Campaign Version Data endpoint on Customer Campaign Design service domain",
                        "Step5": "Business Development service domain Invokes the Conduct Comparative Market Analysis endpoint on Market Analysis service domain",
                        "Step6": "Market Analysis service domain Invokes the Get Competitor Campaign Data endpoint on Market Research service domain",
                        "Step7": "Business Development service domain Invokes its Analyse Internal Campaign Portfolio Performance endpoint"
                    }
                ]
            },
            {
                "Scenario": "Analyse Competitor Activity",
                "Service Domains": [
                    "Business Development",
                    "Segment Direction",
                    "Market Analysis",
                    "Competitor Analysis",
                    "Market Research",
                    "Advertising"
                ],
                "Sequence": [
                    {
                        "Step1": "Business Development service domain Invokes its Review Competitive Performance endpoint",
                        "Step2": "Business Development service domain Invokes the Get Performance Summary by Customer and Product Segment endpoint on Segment Direction service domain",
                        "Step3": "Business Development service domain Invokes the Analyse Competitor Performance endpoint on Market Analysis service domain",
                        "Step4": "Market Analysis service domain Invokes the Get Performance of Selected Competitors endpoint on Competitor Analysis service domain",
                        "Step5": "Competitor Analysis service domain Invokes the Obtain Competitor Market Data endpoint on Market Research endpoint",
                        "Step6": "Business Development service domain Invokes its Compare Internal and Competitor Performance endpoint",
                        "Step7": "Business Development service domain Invokes the Initiate Advertising Campaign endpoint on Advertising service domain"
                    }
                ]
            },
            {
                "Scenario": "Develop Advertising Campaign",
                "Service Domains": [
                    "Business Development",
                    "Segment Direction",
                    "Market Analysis",
                    "Market Research",
                    "Advertising"
                ],
                "Sequence": [
                    {
                        "Step1": "Business Development service domain Invokes its Initiate Development of Advertising Campaign endpoint",
                        "Step2": "Business Development service domain Invokes the Get Segment Performance by Customer and Product endpoint on Segment Direction service domain",
                        "Step3": "Business Development service domain Invokes the Conduct Comparative Market Analysis endpoint on Market Analysis service domain",
                        "Step4": "Market Analysis service domain Invokes the Conduct Comparative Market Analysis endpoint on Market Research service domain",
                        "Step5": "Business Development service domain Invokes the Develop Advertising Campaign Outline endpoint on Advertising service domain",
                        "Step6": "Advertising service domain Invokes its Get Detailed Market Data endpoint on Market Research service domain",
                        "Step7": "Business Development service domain Invokes its Review Advertising Campaign endpoint"
                    }
                ]
            },
            {
                "Scenario": "Execute Interactive Retention Campaign",
                "Service Domains": [
                    "Contact Handler",
                    "Contact Routing",
                    "Point of Service",
                    "Contact Dialogue",
                    "Party Authentication",
                    "Customer Profile",
                    "Customer Campaign Execution",
                    "Lead/OpportunityManagement",
                    "Customer Event History"
                ],
                "Sequence": [
                    {
                        "Step1": "Contact Handler service domain Invokes its Initiate Self Service Session on Contact Routing endpoint",
                        "Step2": "Contact Routing service domain Invokes the Initiate Servicing Dialogue endpoint on Point of Service service domain",
                        "Step3": "Point of Service service domain Invokes the Handle Customer Contact endpoint on Contact Dialogue service domain",
                        "Step4": "Contact Dialogue service domain Invokes the Authenticate Customer endpoint on Party Authentication service domain",
                        "Step5": "Contact Dialogue service domain Invokes the Get Customer Profile endpoint on Customer Profile service domain",
                        "Step6": "For Retention Customer, Contact Handler service domain Invokes the Initiate Assisted Service Session endpoint on Contact Routing service domain",
                        "Step7": "Contact Routing service domain Invokes the Initiate Servicing Dialogue endpoint on Point of Service service domain",
                        "Step8": "Point of Service service domain Invokes the Handle Customer Contact endpoint on Contact Dialogue service domain",
                        "Step9": "Contact Dialogue service domain invokes the Conduct Retention Campaign endpoint on Customer Campaign Execution service domain",
                        "Step10": "Customer Campaign Execution service domain invokes the Create Opportunity endpoint on Lead/OpportunityManagement service domain",
                        "Step11": "Contact Dialogue service domain Invokes the Update Customer History endpoint on Customer Event History service domain"
                    }
                ]
            },
            {
                "Scenario": "Check customer channel access history and access entitlements",
                "Service Domains": [
                    "Contact Handler",
                    "Channel Activity History",
                    "Customer Access Entitlement",
                    "Contact Routing",
                    "Point of Service"
                ],
                "Sequence": [
                    {
                        "Step1": "Contact Handler service domain Invokes Get Recent Customer Activity endpoint on Channel Activity History service domain",
                        "Step2": "Contact Handler service domain Invokes the Get Allowed Channel Usage endpoint on Customer Access Entitlement service domain",
                        "Step3": "Contact Handler service domain Invokes the Get Servicing Resource endpoint on Contact Routing service domain",
                        "Step4": "Contact Handler service domain Invokes the Initiate Servicing Dialogue endpoint on Point of Service service domain"
                    }
                ]
            },
            {
                "Scenario": "Excute Internal Campaign",
                "Service Domains": [
                    "Customer Campaign Management",
                    "Customer Campaign Execution",
                    "Customer Campaign Design",
                    "Customer Relationship Management",
                    "Lead/Opportunity Management",
                    "Customer Profile"
                ],
                "Sequence": [
                    {
                        "Step1": "Customer Campaign Management service domain Invokes Initiate Internal Campaign endpoint on Customer Campaign Execution service domain",
                        "Step2": "Customer Campaign Execution service domain Invokes the Select Suitable Campaign endpoint on Customer Campaign Execution service domain",
                        "Step3": "For All Campaigns that Match Criteria, Customer Campaign Execution service domain Invokes the Get Customer Campaign Details endpoint on Customer Campaign Design service domain",
                        "Step4": "Customer Campaign Execution service domain Invokes the Obtain Target Customers and Profiles endpoint on Customer Relationship Management service domain",
                        "Step5": "Customer Campaign Execution service domain Invokes its Shortlist Opportunities endpoint",
                        "Step6": "Customer Campaign Execution service domain Invokes the Record New Opportunities endpoint on Lead/Opportunity Management service domain",
                        "Step7": "For Shortlisted Customers, Customer Campaign Execution service domain Invokes the Update Customer Indicator endpoint on Customer Profile service domain"
                    }
                ]
            },
            {
                "Scenario": "Perform Customer Product Matching and Selection",
                "Service Domains": [
                    "Point of Service",
                    "Contact Dialogue",
                    "Party Lifecycle Management",
                    "Customer Profile",
                    "Customer Product/Service Eligibility",
                    "Product Directory",
                    "Customer Offer"
                ],
                "Sequence": [
                    {
                        "Step1": "Point of Service service domain Invokes Handle Customer Contact endpoint on Contact Dialogue service domain",
                        "Step2": "Contact Dialogue service domain Invokes the Verify Retail Customer endpoint on Party Lifecycle Management service domain",
                        "Step3": "Contact Dialogue service domain Invokes the Get Customer Profile Flags endpoint on Customer Profile service domain",
                        "Step4": "Contact Dialogue service domain Invokes the Get Products for which Customer is Eligible endpoint on Customer Product/Service Eligibility service domain",
                        "Step5": "Contact Dialogue service domain Invokes the Get Product Details endpoint on Product Directory service domain",
                        "Step6": "Contact Dialogue service domain Invokes the Record Request to Open Savings Account endpoint on Customer Offer service domain"
                    }
                ]
            },
            {
                "Scenario": "Perform Customer Out of Pattern Behaviour and Identity Verification",
                "Service Domains": [
                    "Contact Handler",
                    "Channel Activity History",
                    "Contact Routing",
                    "Point of Service",
                    "Contact Dialogue",
                    "Customer Access Entitlement",
                    "Party Authentication",
                    "Transaction Authorization",
                    "Fraud Evaluation"
                ],
                "Sequence": [
                    {
                        "Step1": "Contact Handler service domain Invokes Get Channel Activity for This Customer endpoint on Channel Activity History service domain",
                        "Step2": "Contact Handler service domain Invokes its Add Channel Activity to Token Record endpoint",
                        "Step3": "Contact Handler service domain Invokes the Initiate Self Service Session endpoint on Contact Routing service domain",
                        "Step4": "Contact Routing service domain Invokes the Initiate Self Service Dialogue endpoint on Point of Service service domain",
                        "Step5": "Point of Service service domain Invokes the Handle Customer Contact endpoint on Contact Dialogue service domain",
                        "Step6": "Contact Dialogue service domain Invokes the Get Customer Channel Access Allowances endpoint on Customer Access Entitlement service domain",
                        "Step7": "Contact Dialogue service domain Invokes the Authenticate Customer endpoint on Party Authentication service domain",
                        "Step8": "Contact Dialogue service domain Invokes the Get Transaction Authorisation endpoint on Transaction Authorization service domain",
                        "Step9": "If Out of Pattern Behavior, Transaction Authorization service domain Invokes its Decline Authorisation endpoint",
                        "Step10": "Transaction Authorization service domain Invokes the Initiate Fraud Analysis endpoint on Fraud Evaluation service domain"
                    }
                ]
            }
        ]
    }
}