{
  "text": {
    "Business Domain": "Card Products",
    "Business Scenarios Context": "Card Products",
    "Business Scenarios": [
      {
        "Scenario": "Handle Request for Balance Transfer",
        "Service Domains": [
          "Contact Dialogue",
          "Servicing Order",
          "Customer Credit Rating",
          "Credit/Charge Card",
          "Payment Order",
          "Position Keeping"
        ],
        "Sequence": [
          {
            "Step1": "Contact Dialogue service domain Invokes the Record Request for Balance Transfer endpoint on Servicing Order service domain",
            "Step2": "Servicing Order service domain Invokes the Get Customer Credit Rating endpoint on Customer Credit Rating service domain",
            "Step3": "Servicing Order service domain Invokes the Execute Balance Transfer endpoint on Credit/Charge Card service domain",
            "Step4": "Credit/Charge Card service domain Invokes the Check if Action Is Allowed endpoint",
            "Step5": "Credit/Charge Card service domain Invokes the Retrieve Bookings for this Account endpoint on Position Keeping service domain",
            "Step6": "Credit/Charge Card service domain calls Calculate Available Balance endpoint",
            "Step7": "Credit/Charge Card service domain Invokes the Initiate Payment Order endpoint on Payment Order service domain"
          }
        ]
      },
      {
        "Scenario": "Handle Request for Card Activation",
        "Service Domains": [
          "Contact Dialogue",
          "Servicing Order",
          "Credit/Charge Card",
          "Issued Device Administration",
          "Issued Device Tracking"
        ],
        "Sequence": [
          {
            "Step1": "Contact Dialogue service domain Invokes Handle Request for Card Activation endpoint on Servicing Order service domain",
            "Step2": "Servicing Order service domain Invokes the Activate Card endpoint on Credit/Charge Card service domain",
            "Step3": "Credit/Charge Card service domain Invokes the Retrieve Account Details endpoint on Issued Device Administration service domain",
            "Step4": "Credit/Charge Card service domain Invokes the Activate Card endpoint on Issued Device Administration service domain",
            "Step5": "Issued Device Administration service domain Invokes the Update Card Status endpoint on Issued Device Tracking service domain"
          }
        ]
      },
      {
        "Scenario": "Handle Card Chargeback - Issuer",
        "Service Domains": [
          "Contact Dialogue",
          "Customer Case",
          "Card Case",
          "Correspondence",
          "Card Clearing",
          "Credit/Charge Card"
        ],
        "Sequence": [
          {
            "Step1": "Contact Dialogue service domain Invokes Initiate Chargeback Transaction endpoint on Customer Case service domain",
            "Step2": "Customer Case service domain Invokes the Initiate Card Case for Chargebacks endpoint on Card Case service domain",
            "Step3": "Card Case service domain Invokes the Retrieve Charge Details - Billed and Unbilled endpoint on Credit/Charge Card service domain",
            "Step4": "Card Case service domain Invokes its Analyse Issurer Policies endpoint",
            "Step5": "Card Case service domain Invokes its Analyse Card Network Policies endpoint",
            "Step6": "Card Case service domain Invokes its Determine if Chargeback Process Is to Be Initiated endpoint",
            "Step7": "Card Case service domain Invokes the Initiate Request for Information endpoint on Card Clearing service domain",
            "Step8": "Card Clearing service domain Invokes its Handle Request for Information for Chargeback endpoint",
            "Step9": "Card Case service domain Invokes its Analyse Request for Information Response endpoint",
            "Step10": "Card Case service domain Invokes the Send Response to Customer and Request Artefact endpoint on Correspondence service domain",
            "Step11": "Card Case service domain Invokes the Initiate Chargeback endpoint on Card Clearing service domain",
            "Step12": "Card Clearing service domain Invokes its Handle Request for Chargeback endpoint",
            "Step13": "Card Case service domain Invokes its Analyse Request for Information Response endpoint",
            "Step14": "Card Case service domain Invokes the Send Response to Customer and Request Affadavit endpoint on Correspondence service domain",
            "Step15": "Card Case service domain Invokes the Initiate Chargeback endpoint on Card Clearing service domain",
            "Step16": "Card Clearing service domain Invokes its Handle Request for Chargeback endpoint"
          }
        ]
      },
      {
        "Scenario": "Authorise Card Use - Issuer Scenario",
        "Service Domains": [
          "Card Transaction Switch",
          "Card Authorization",
          "Fraud Evaluation",
          "Credit/Charge Card",
          "Customer Access Entitlement",
          "Issued Device Tracking",
          "Party Authentication",
          "Customer Behavioral Insights",
          "Position Keeping"
        ],
        "Sequence": [
          {
            "Step1": "Card Transaction Switch service domain Invokes Evaluate Card Use Authorisation endpoint on Card Authorization service domain",
            "Step2": "Card Authorization service domain Invokes the Retrieve Card Account Status endpoint on Credit/Charge Card service domain",
            "Step3": "Credit/Charge Card service domain Invokes the Retrieve Card Details endpoint on Issued Device Tracking service domain",
            "Step4": "Card Authorization service domain Invokes the Request Card Device Authentication endpoint on Issued Device Tracking service domain",
            "Step5": "Card Authorization service domain Invokes the Evaluate Card Holder Authentication endpoint on Party Authentication service domain",
            "Step6": "Card Authorization service domain Invokes the Retrieve Credit Limit endpoint on Credit/Charge Card service domain",
            "Step7": "Credit/Charge Card service domain Invokes the Request Maximum Exposure Limit for Charge Card endpoint on Customer Behavioral Insights service domain",
            "Step8": "Credit/Charge Card service domain Invokes the Retrieve unbilled Transaction Totals endpoint on Position Keeping service domain",
            "Step9": "Credit/Charge Card service domain Invokes its Compute Available Limit endpoint",
            "Step10": "Credit/Charge Card service domain Invokes the Retrieve Usage Limits endpoint on Customer Access Entitlement service domain",
            "Step11": "Card Authorization service domain invokes its Deduct Pending Authorisations and Compute Open to Buy endpoint",
            "Step12": "Card Authorization service domain Invokes the Request Out of Pattern Spend Analysis endpoint on Customer Behavioral Insights service domain",
            "Step13": "Card Authorization service domain Invokes its Request Out of Pattern Spend Analysis endpoint",
            "Step14": "Card Authorization service domain Invokes its Evaluate Fraud Alert Rules, Models and Scanners endpoint"
          }
        ]
      },
      {
        "Scenario": "Process Card Collection",
        "Service Domains": [
          "Delinquent Account Handling",
          "Credit/Charge Card",
          "Issued Device Tracking",
          "Card Collections",
          "Correspondence"
        ],
        "Sequence": [
          {
            "Step1": "Delinquent Account Handling service domain Invokes Transfer to Collection endpoint on Credit/Charge Card service domain",
            "Step2": "Credit/Charge Card service domain Invokes its Assess Probability of Default endpoint",
            "Step3": "Credit/Charge Card service domain Invokes its Cancel Card Account endpoint",
            "Step4": "Credit/Charge Card service domain Invokes the Put Permanent Block on Card endpoint on Issued Device Tracking service domain",
            "Step5": "Credit/Charge Card service domain Invokes its Get List of Additional Cards endpoint",
            "Step6": "Credit/Charge Card service domain Invokes the Put Blocks on Additional Cards endpoint on Issued Device Tracking service domain",
            "Step7": "Credit/Charge Card service domain Invokes the Set Up Collection Case endpoint on Card Collections service domain",
            "Step8": "Card Collections service domain Invokes its Determine Collection Strategy endpoint",
            "Step9": "Card Collections service domain Invokes the Update Collection Location endpoint on Credit/Charge Card",
            "Step10": "Card Collections service domain Invokes the Send Collection Request and Wait for Result endpoint on Correspondence",
            "Step11": "Card Collections service domain Invokes its Record Action and Result endpoint",
            "Step12": "Card Collections service domain Invokes its Record Promise to Pay endpoint"
          }
        ]
      },
      {
        "Scenario": "Handle Request to Block Card",
        "Service Domains": [
          "Contact Dialogue",
          "Servicing Order",
          "Credit/Charge Card",
          "Issued Device Administration"
        ],
        "Sequence": [
          {
            "Step1": "Contact Dialogue service domain Invokes Record Request to Block Card endpoint on Servicing Order service domain",
            "Step2": "Servicing Order service domain Invokes the Block Card endpoint on Credit/Charge Card service domain",
            "Step3": "Credit/Charge Card service domain Invokes the Retrieve Account Details endpoint on Issued Device Administration service domain",
            "Step4": "Credit/Charge Card service domain Invokes the Update Card Status as Blocked endpoint on Issued Device Administration service domain"
          }
        ]
      },
      {
        "Scenario": "Process Direct Debit Payments",
        "Service Domains": [
          "Credit/Charge Card",
          "Correspondence"
        ],
        "Sequence": [
          {
            "Step1": "Credit/Charge Card service domain Invokes its Process Direct Debit Payments endpoint",
            "Step2": "Credit/Charge Card service domain Invokes its Select Accounts due for Payment endpoint",
            "Step3": "Credit/Charge Card service domain Invokes its Determine Payment Amounts endpoint",
            "Step4": "Credit/Charge Card service domain Invokes the Send Direct Debit Requests to Creditor Bank endpoint on Correspondence"
          }
        ]
      },
      {
        "Scenario": "Handle Request for Information for Chargeback - Acquirer",
        "Service Domains": [
          "Card Clearing",
          "Card Case",
          "Correspondence",
          "Document Services",
          "Merchant Acquiring Facility",
          "Position Keeping"
        ],
        "Sequence": [
          {
            "Step1": "Card Clearing service domain Invokes its Handle Request for Information for Chargeback endpoint",
            "Step2": "Card Clearing service domain Invokes the Initiate Chargeback Case endpoint on Card Case service domain",
            "Step3": "Card Case service domain Invokes the Retrieve Merchant Characteristics endpoint on Merchant Acquiring Facility service domain",
            "Step4": "Card Case service domain Invokes the Retrieve Charge Details - Paid and Unpaid endpoint on Position Keeping endpoint",
            "Step5": "Card Case service domain Invokes its Validate Merchant and Charge Details endpoint",
            "Step6": "Card Case service domain Invokes its Analyse Card Network Policies endpoint",
            "Step7": "Card Case service domain Invokes its Analyse Acquirer Institution Policies endpoint",
            "Step8": "Card Case service domain Invokes its Determine Workflow for Chargeback Case endpoint",
            "Step9": "Card Case service domain Invokes the Send Request for Charge Support to Merchant and Wait for Response endpoint on Correspondence service domain",
            "Step10": "Card Case service domain Invokes the Archive Merchant Charge Support Documents endpoint"
          }
        ]
      },
      {
        "Scenario": "Process Card Clearing - Acquirer",
        "Service Domains": [
          "Card Clearing",
          "Financial Accounting",
          "Card Terminal Operation",
          "Card eCommerce Operation",
          "ATM Network Operations",
          "Card Case",
          "Merchant Acquiring Facility",
          "Card Authorization",
          "Fraud Evaluation"
        ],
        "Sequence": [
          {
            "Step1": "Card Clearing service domain Invokes its Execute Clearing Process endpoint",
            "Step2": "Card Clearing service domain Invokes the Retrieve Captured POS Transactions endpoint on Card Terminal Operation service domain",
            "Step3": "Card Clearing service domain Invokes the Retrieve Captured eCommerce Transactions endpoint on Customer Credit Rating service domain",
            "Step4": "Card Clearing service domain Invokes the Retrieve Captured ATM Transactions endpoint on ATM Network Operations service domain",
            "Step5": "Card Clearing service domain Invokes the Retrieve Chargeback Related Transactions endpoint on Card Case service domain",
            "Step6": "Card Clearing service domain Invokes the Retrieve Merchant Characteristics and Terms and Conditions endpoint on Merchant Acquiring Facility service domain",
            "Step7": "Card Clearing service domain Invokes the Perform Authorisation Matching endpoint on Card Case service domain",
            "Step8": "Card Clearing service domain Invokes its Perform Edits Validation and Enrichment endpoint",
            "Step9": "Card Clearing service domain Invokes the Perform Fraud Detection endpoint on Fraud Evaluation service domain",
            "Step10": "Card Clearing service domain Invokes its Perform Interchange Qualification and Calculate Interchange Fees endpoint",
            "Step11": "Card Clearing service domain Invokes its Consolidate and Distribute Transaction endpoint",
            "Step12": "Card Clearing service domain Invokes the Request Clearing of Transactions via Card Network endpoint",
            "Step13": "Card Clearing service domain Invokes the Book Card Network Settlement Transactions endpoint on Financial Accounting service domain",
            "Step14": "Card Clearing service domain Invokes the Book Card Network Settlement Transactions endpoint on Financial Accounting service domain",
            "Step15": "Card Clearing service domain Invokes the Book Merchant Payables endpoint on Merchant Acquiring Facility service domain",
            "Step16": "Card Clearing service domain Invokes its Perform Balancing and Controls endpoint",
            "Step17": "Card Clearing service domain Invokes its Update Transaction Lifecycle Archive endpoint"
          }
        ]
      },
      {
        "Scenario": "Process Card Billing",
        "Service Domains": [
          "Credit/Charge Card",
          "Customer Billing",
          "Correspondence",
          "Document Services",
          "Document Services",
          "Financial Accounting",
          "Position Keeping"
        ],
        "Sequence": [
          {
            "Step1": "Credit/Charge Card service domain Invokes its Retrieve Billing Schedule endpoint",
            "Step2": "Credit/Charge Card service domain Invokes its Retrieve Accounts to Be Billed endpoint",
            "Step3": "Credit/Charge Card service domain Invokes the Get Installment Transactions since Latest Billing endpoint on Position Keeping endpoint",
            "Step4": "Credit/Charge Card service domain Invokes the Retrieve Unbilled Bookings on Card Account endpoint on Position Keeping service domain",
            "Step5": "Credit/Charge Card service domain Invokes its Calculate Interest and Delinquency Fees endpoint",
            "Step6": "Credit/Charge Card service domain Invokes the Debit Card Account for Interest and Delinquency Fees endpoint on Position Keeping service domain",
            "Step7": "Credit/Charge Card service domain Invokes the Credit Control Account for Interest and Delinquency Fees endpoint on Position Keeping service domain",
            "Step8": "Credit/Charge Card service domain Invokes its Update Billed Balances and Payment Due endpoint",
            "Step9": "Credit/Charge Card service domain Invokes its Update Payment Due Dates endpoint",
            "Step10": "Credit/Charge Card service domain Invokes the Update Transaction Status to Billed endpoint on Position Keeping service domain",
            "Step11": "Credit/Charge Card service domain Invokes its Roll Balance Ageing Buckets by 30 Days endpoint",
            "Step12": "Credit/Charge Card service domain Invokes the Book Billing Transactions endpoint on Financial Accounting service domain",
            "Step13": "Financial Accounting service domain Invokes its Get Debit and Credit Account endpoint",
            "Step14": "Financial Accounting service domain Invokes the Debit Control Account for Installments since Latest Billing endpoint on Position Keeping service domain",
            "Step15": "Financial Accounting service domain Invokes the Credit Accounts Receivable for Installments since Latest Billing endpoint on Position Keeping service domain",
            "Step16": "Financial Accounting service domain Invokes the Debit Control Account for Interest and Delinquency Fees endpoint on Position Keeping service domain",
            "Step17": "Financial Accounting service domain Invokes the Credit Revenue Account for Interest and Delinquency Fees endpoint on Position Keeping service domain",
            "Step18": "Credit/Charge Card service domain Invokes its Perform Integrity Checks at Account and Billing Cycle Level endpoint",
            "Step19": "Credit/Charge Card service domain Invokes its Generate Billing Messages endpoint",
            "Step20": "Credit/Charge Card service domain Invok the Generate Billing Statements endpoint on Customer Billing service domain",
            "Step21": "Customer Billing service domain Invokes the Produce and Send Statements on Correspondence service domain",
            "Step22": "Customer Billing service domain Invokes the Archive Statements endpoint on Document Services service domain"
          }
        ]
      },
      {
        "Scenario": "Authorise Card Use – Acquirer Scenario",
        "Service Domains": [
          "Contact Dialogue",
          "Card Terminal Operation",
          "Fraud Evaluation",
          "Card Authorization",
          "Card Transaction Switch",
          "Merchant Acquiring Facility",
          "Card Terminal Administration"
        ],
        "Sequence": [
          {
            "Step1": "Contact Dialogue service domain Invokes Initiate POS Transaction Authorisation/Capture endpoint on Card Terminal Operation service domain",
            "Step2": "Card Terminal Operation service domain Invokes the Retrieve Terminal Characteristics endpoint on Card Terminal Administration service domain",
            "Step3": "Card Terminal Operation service domain Invokes its Validate Terminal endpoint",
            "Step4": "Card Terminal Operation service domain Invokes the Retrieve Merchant Characteristics endpoint on Merchant Acquiring Facility service domain",
            "Step5": "Card Terminal Operation service domain Invokes its Validate Merchant endpoint",
            "Step6": "Card Terminal Operation service domain Invokes its Validate Transaction endpoint",
            "Step7": "Card Terminal Operation service domain Invokes the Request Authorisation endpoint on Card Authorization service domain",
            "Step8": "Card Authorization service domain Invokes the Evaluate Merchant Fraud Risk endpoint on Fraud Evaluation service domain",
            "Step9": "Card Authorization service domain Invokes the Request Authorisation Routing endpoint on Card Transaction Switch service domain",
            "Step10": "Card Transaction Switch service domain Invokes its Request Authorisation from Card Network endpoint",
            "Step11": "Card Authorization service domain Invokes its Evaluate Response from Card Network endpoint",
            "Step12": "If Standin Authorisation, Card Authorization service domain Invokes its Evaluate Standin Authorisation endpoint",
            "Step13": "Card Terminal Operation service domain Invokes its Capture Transaction endpoint"
          }
        ]
      },
      {
        "Scenario": "Handle Request for Direct Debit Payments",
        "Service Domains": [
          "Contact Dialogue",
          "Servicing Order",
          "Credit/Charge Card",
          "Correspondence"
        ],
        "Sequence": [
          {
            "Step1": "Contact Dialogue service domain Invokes Handle Request for Payment by Direct Debit endpoint on Servicing Order service domain",
            "Step2": "Servicing Order service domain Invokes the Record Direct Debit Payment Details endpoint on Credit/Charge Card service domain",
            "Step3": "Credit/Charge Card service domain Invokes the Inform Creditor Bank on New Direct Debit endpoint on Correspondence service domain"
          }
        ]
      },
      {
        "Scenario": "Process Card Account Delinquency Review",
        "Service Domains": [
          "Credit/Charge Card",
          "Delinquent Account Handling",
          "Customer Credit Rating",
          "Correspondence",
          "Issued Device Administration",
          "Customer Behavior Models"
        ],
        "Sequence": [
          {
            "Step1": "Credit/Charge Card service domain Invokes Initiate Delinquency Review endpoint",
            "Step2": "Credit/Charge Card service domain Invokes its Retrieve Billing Schedule endpoint",
            "Step3": "Credit/Charge Card service domain Invokes its Retrieve Accounts to Be Reviewed for Delinquency endpoint",
            "Step4": "Credit/Charge Card service domain Invokes the Retrieve Card Probability of Default Model endpoint on Customer Behavior Models service domain",
            "Step5": "Credit/Charge Card service domain Invokes its Assess Probability of Default endpoint",
            "Step6": "Credit/Charge Card service domain Invokes the Execute Delinquency Review Actions endpoint on Delinquent Account Handling service domain",
            "Step7": "Delinquent Account Handling service domain Invokes its Determine Delinquency Review Actions endpoint",
            "Step8": "Delinquent Account Handling service domain Invokes the Update Customer Credit Rating endpoint on Customer Credit Rating service domain",
            "Step9": "Do Any of These Actions Depending on Determine Delinquency Review Action, Delinquent Account Handling service domain Invokes the Initiate Dunning Cycle endpoint on Correspondence service domain",
            "Step10": "Delinquent Account Handling service domain Invokes the Put Temporary Block on Cards endpoint on Credit/Charge Card service domain",
            "Step11": "Credit/Charge Card service domain Invokes the Put Temporary Block endpoint on Issued Device Administration service domain",
            "Step12": "Delinquent Account Handling service domain Invokes the Update Line of Credit endpoint on Credit/Charge Card service domain",
            "Step13": "Delinquent Account Handling service domain Invokes its Perform Pricing Review endpoint",
            "Step14": "Delinquent Account Handling service domain Invokes the Update Interest Rates endpoint on Credit/Charge Card service domain",
            "Step15": "Delinquent Account Handling service domain Invokes the Transfer to Collection endpoint on Credit/Charge Card service domain"
          }
        ]
      },
      {
        "Scenario": "Process Automatic Card Renewal",
        "Service Domains": [
          "Credit/Charge Card",
          "Issued Device Administration",
          "Issued Device Tracking",
          "Correspondence"
        ],
        "Sequence": [
          {
            "Step1": "Credit/Charge Card service domain Invokes Retrieve Card Renewal Schedule endpoint",
            "Step2": "For Each Card Due for Renewal, Credit/Charge Card service domain Invokes the Retrieve Card endpoint on Issued Device Administration service domain",
            "Step3": "Credit/Charge Card service domain Invokes its Review Delinquency Status endpoint",
            "Step4": "Credit/Charge Card service domain Invokes its Decide on Renewal endpoint",
            "Step5": "Credit/Charge Card service domain Invokes the Issue Renewal Card endpoint on Issued Device Administration service domain",
            "Step6": "Issued Device Administration service domain Invokes its Update Card Expiration Date endpoint",
            "Step7": "Issued Device Administration service domain Invokes its Assign Access Token ID endpoint",
            "Step8": "Issued Device Administration service domain Invokes its Personalise Physical Card endpoint",
            "Step9": "Issued Device Administration service domain Invokes the Record Issued Device for Tracking endpoint on Issued Device Tracking service domain",
            "Step10": "Issued Device Administration service domain Invokes the Dispatch Renewal Card endpoint on Correspondence service domain"
          }
        ]
      },
      {
        "Scenario": "Authorise Card Use - Card Network Scenario",
        "Service Domains": [
          "Card Transaction Switch",
          "Card Authorization",
          "Card Network Participant Facility"
        ],
        "Sequence": [
          {
            "Step1": "Card Transaction Switch service domain Invokes Request Authotisation from Card Network endpoint",
            "Step2": "Card Transaction Switch service domain Invokes the Retrieve Issuer Information endpoint on Card Network Participant Facility service domain",
            "Step3": "Card Transaction Switch service domain Invokes its Request Authorisation from Issuer endpoint",
            "Step4": "Card Transaction Switch service domain Invokes its Validate Issuer Response endpoint",
            "Step5": "If no Issuer Connection, Card Transaction Switch service domain Invokes the Perform Stand-in Authorisation endpoint on Card Authorization service domain"
          }
        ]
      },
      {
        "Scenario": "Process Card Clearing - Issuer",
        "Service Domains": [
          "Card Clearing",
          "Financial Accounting",
          "Card Case",
          "Credit/Charge Card",
          "Card Authorization",
          "Fraud Evaluation",
          "Fraud Models"
        ],
        "Sequence": [
          {
            "Step1": "Card Clearing service domain Invokes Request Clearing of Transactions from Issuer endpoint on Card Clearing service domain",
            "Step2": "Card Clearing service domain Invokes its Validate Transactions and Fees endpoint",
            "Step3": "Card Clearing service domain Invokes the Consolidate and Distribute Transactions endpoint",
            "Step4": "Card Clearing service domain Invokes the Perform Authorisation Matching endpoint on Card Authorization service domain",
            "Step5": "Card Authorization service domain Invokes its Do Fuzzy Match with Authorised Transactions endpoint",
            "Step6": "Card Authorization service domain Invokes its Update Pending Transaction Totals endpoint",
            "Step7": "Card Clearing service domain Invokes the Perform Fraud Detection endpoint on Fraud Evaluation service domain",
            "Step8": "Fraud Evaluation service domain Invokes the Retrieve Fraud Model endpoint on Fraud Models service domain",
            "Step9": "Fraud Evaluation service domain Invokes its Evaluate Fraud Rules Scanners endpoint",
            "Step10": "Card Clearing service domain Invokes its Evaluate Transaction for Booking or Suspence endpoint",
            "Step11": "Card Clearing service domain Invokes the Book Cards Settlement Transactions endpoint on Financial Accounting service domain",
            "Step12": "Card Clearing service domain Invokes the Book Card Network Settlement Transactions endpoint on Financial Accounting service domain",
            "Step13": "Card Clearing service domain Invokes the Update Card Case for Chargeback Messages endpoint on Card Case Card Case service domain",
            "Step14": "Card Clearing service domain Invokes the Retrieve Chargeback Related Messages endpoint on Card Case service domain",
            "Step15": "Card Clearing service domain Invokes its Consolidate and Distribute Transactions endpoint",
            "Step16": "Card Clearing service domain Invokes its Send Chargeback Related Messages to Card Network endpoint",
            "Step17": "Card Clearing service domain Invokes the Process Transaction Booking endpoint on Credit/Charge Card service domain",
            "Step18": "Card Clearing service domain Invokes its Perform Balancing and Reconcilliation endpoint",
            "Step19": "Card Clearing service domain Invokes its Update Transaction Lifecycle Archive endpoint"
          }
        ]
      },
      {
        "Scenario": "Process Settlement - Issuer",
        "Service Domains": [
          "Financial Gateway",
          "Card Financial Settlement",
          "Card Clearing",
          "Current Account",
          "Payment Order"
        ],
        "Sequence": [
          {
            "Step1": "Financial Gateway service domain Invokes Process Settlement Advice from Network endpoint on Card Financial Settlement service domain",
            "Step2": "Card Financial Settlement service domain Invokes the Retrieve Clearing Summaries for Today endpoint on Card Clearing service domain",
            "Step3": "Card Financial Settlement service domain Invokes its Reconcile with Settlement Advice endpoint",
            "Step4": "Card Financial Settlement service domain Invokes its Await Settlement Window endpoint",
            "Step5": "Card Financial Settlement service domain Invokes the Execute Funds Transfer to Settlement Account endpoint on Current Account service domain",
            "Step6": "Current Account service domain Invokes the Create Payment Order endpoint on Payment Order service domain"
          }
        ]
      },
      {
        "Scenario": "Handle Cards Dispute",
        "Service Domains": [
          "Contact Dialogue",
          "Servicing Issue",
          "Customer Case",
          "Correspondence",
          "Position Keeping",
          "Credit/Charge Card",
          "Card Case"
        ],
        "Sequence": [
          {
            "Step1": "Contact Dialogue service domain Invokes Initiate Servicing Issue endpoint on Servicing Issue service domain",
            "Step2": "Contact Dialogue service domain Invokes the Initiate Financial Transaction Dispute Case endpoint on Customer Case service domain",
            "Step3": "Customer Case service domain Invokes its Record Case and Identify Dispute Type endpoint",
            "Step4": "Customer Case service domain Invokes the Retrieve Card Account and Status endpoint on Credit/Charge Card service domain",
            "Step5": "Customer Case service domain Invokes its Determine Workflow endpoint",
            "Step6": "Customer Case service domain Invokes the Retrieve Disputed Transaction Details endpoint on Position Keeping service domain",
            "Step7": "Customer Case service domain Invokes its Investigate and Rectify Operational Errors endpoint",
            "Step8": "Customer Case service domain Invokes the Initiate Card Case For Chargeback endpoint on Card Case",
            "Step9": "Customer Case service domain Invokes the Book Adjustment Transaction endpoint on Credit/Charge Card service domain",
            "Step10": "Credit/Charge Card service domain Invokes the Credit Card Account for Card Refund Transaction endpoint on Position Keeping",
            "Step11": "Credit/Charge Card service domain Invokes the Debit Control Account for Card Refund Transaction endpoint on Position Keeping service domain",
            "Step12": "Customer Case service domain Invokes the Inform Customer of Card Case Status endpoint on Correspondence service domain",
            "Step13": "Customer Case service domain Invokes its Review and Close Financial Transaction Dispute Case endpoint"
          }
        ]
      },
      {
        "Scenario": "Process Settlement - Acquirer",
        "Service Domains": [
          "Financial Gateway",
          "Card Financial Settlement",
          "Card Clearing",
          "Current Account",
          "Payment Order"
        ],
        "Sequence": [
          {
            "Step1": "Financial Gateway service domain Invokes Process Settlement Advice from Network endpoint on Card Financial Settlement service domain",
            "Step2": "Card Financial Settlement service domain Invokes the Retrieve Clearing Summaries for Today endpoint on Card Clearing service domain",
            "Step3": "Card Financial Settlement service domain Invokes its Reconcile with Settlement Advice endpoint",
            "Step4": "If Balance is Chargeback, Card Financial Settlement service domain Invokes its Await Settlement Window endpoint",
            "Step5": "Card Financial Settlement service domain Invokes the Execute Funds Transfer to Settlement Account endpoint on Current Account service domain",
            "Step6": "Current Account service domain Invokes the Create Payment Order endpoint on Payment Order service domain"
          }
        ]
      },
      {
        "Scenario": "Process Periodic Review of Collection Actions",
        "Service Domains": [
          "Card Collections",
          "Account Recovery",
          "Correspondence",
          "Credit/Charge Card"
        ],
        "Sequence": [
          {
            "Step1": "Card Collections service domain Invokes Start Review of Collection Actions for Card endpoint on Card Collections service domain",
            "Step2": "Card Collections service domain Invokes the Get Outstanding Balance and Payment Information endpoint on Credit/Charge Card service domain",
            "Step3": "Card Collections service domain Invokes its Evaluate Broken Promise to Pay endpoint",
            "Step4": "Card Collections service domain Invokes its Negotiate Payment Terms with Customer endpoint",
            "Step5": "Card Collections service domain Invokes the Confirm Payment Terms to Customer endpoint on Correspondence service domain",
            "Step6": "If Payment Recieved, Card Collections service domain Invokes the Record Receipt of Payment endpoint on Credit/Charge Card service domain",
            "Step7": "Card Collections service domain Invokes its Evaluate Promise to Pay and Payment Terms endpoint",
            "Step8": "Card Collections service domain Invokes its Reassess Collection Strategy endpoint",
            "Step9": "Card Collections service domain Invokes the Transfer Claim to External Collection Agency endpoint on Correspondence service domain",
            "Step10": "Card Collections service domain Invokes its Assess Acount for Write Off endpoint",
            "Step11": "Card Collections service domain Invokes the Write-off Outstanding Balance endpoint on Credit/Charge Card service domain",
            "Step12": "Credit/Charge Card service domain Invokes its Perform Write Off endpoint",
            "Step13": "Credit/Charge Card service domain Invokes the Transfer Claim endpoint on Account Recovery service domain"
          }
        ]
      },
      {
        "Scenario": "Handle Request to Replace Card",
        "Service Domains": [
          "Contact Dialogue",
          "Servicing Order",
          "Credit/Charge Card",
          "Issued Device Administration",
          "Issued Device Tracking",
          "Correspondence"
        ],
        "Sequence": [
          {
            "Step1": "Contact Dialogue service domain Invokes Handle Request to Replace Card endpoint on Servicing Order service domain",
            "Step2": "Servicing Order service domain Invokes the Replace Card endpoint on Credit/Charge Card service domain",
            "Step3": "Credit/Charge Card service domain Invokes the Retrieve Account Details endpoint on Issued Device Administration service domain",
            "Step4": "Credit/Charge Card service domain Invokes its Check Delinquency Status endpoint",
            "Step5": "Credit/Charge Card service domain Invokes its Check Validity of Early Replacement endpoint",
            "Step6": "Credit/Charge Card service domain Invokes the Request New Access Token endpoint on Issued Device Administration",
            "Step7": "Issued Device Administration service domain Invokes its Update Issue and Expiry Dates endpoint",
            "Step8": "Issued Device Administration service domain Invokes its Assign Access Token ID endpoint",
            "Step9": "Issued Device Administration service domain Invokes Allocate Physical Device endpoint",
            "Step10": "Issued Device Administration service domain Invokes its Personalise Physical Device endpoint",
            "Step11": "Issued Device Administration service domain Invokes the Record Issued Device for Tracking endpoint on Issued Device Tracking service domain",
            "Step12": "Issued Device Administration service domain Invokes the Dispatch Card Replacement Pack endpoint on Correspondence service domain"
          }
        ]
      },
      {
        "Scenario": "Process Prospect Management",
        "Service Domains": [
          "Contact Dialogue",
          "Party Lifecycle Management",
          "Customer Offer",
          "Document Services",
          "Party Data Management"
        ],
        "Sequence": [
          {
            "Step1": "Contact Dialogue service domain Invokes Include New Prospect endpoint on Party Lifecycle Management service domain",
            "Step2": "Party Lifecycle Management service domain Invokes the Find Related Existing Prospects and Customers endpoint on Party Data Management service domain",
            "Step3": "Party Lifecycle Management service domain Invokes its Deduplicate Prospect endpoint",
            "Step4": "Party Lifecycle Management service domain Invokes its Validate Completeness of Information and Documents endpoint",
            "Step5": "Party Lifecycle Management service domain Invokes the Obtain Additional Information and Documents endpoint on Contact Dialogue service domain",
            "Step6": "Party Lifecycle Management service domain Invokes Udate Prospect Details endpoint on Party Data Management service domain",
            "Step7": "Party Lifecycle Management service domain Invokes the Archive Documents endpoint on Document Services service domain",
            "Step8": "Party Lifecycle Management service domain Invokes its Verify Sales Actions endpoint",
            "Step9": "Party Lifecycle Management service domain Invokes the Handle Request for New Credit Card endpoint on Customer Offer service domain",
            "Step10": "Party Lifecycle Management service domain Invokes its Verify Sales Actions endpoint",
            "Step11": "Party Lifecycle Management service domain Invokes the Initiate Customer Offer endpoint on Customer Offer"
          }
        ]
      },
      {
        "Scenario": "Handle Request for Chargeback - Acquirer",
        "Service Domains": [
          "Card Clearing",
          "Card Case",
          "Merchant Acquiring Facility",
          "Correspondence"
        ],
        "Sequence": [
          {
            "Step1": "Card Clearing service domain Invokes Handle Request for Chargeback endpoint",
            "Step2": "Card Clearing service domain Invokes the Initiate Chargeback endpoint on Card Case service domain",
            "Step3": "Card Case service domain Invokes its Validate Card Case and Policies endpoint",
            "Step4": "Card Case service domain Invokes its Analyse Request for Information Response endpoint",
            "Step5": "Card Case service domain Invokes the Book Chargeback Transaction endpoint on Merchant Acquiring Facility service domain",
            "Step6": "Card Case service domain Invokes the Inform Merchant of Chargeback endpoint on Correspondence service domain",
            "Step7": "Card Case service domain Invokes its Analyse and Close Card Chargeback Case endpoint"
          }
        ]
      },
      {
        "Scenario": "Process Card Clearing - Card Network",
        "Service Domains": [
          "Card Clearing",
          "Financial Accounting",
          "Card Network Participant Facility"
        ],
        "Sequence": [
          {
            "Step1": "Card Clearing service domain Invokes Request Clearing of Transactions via Network endpoint on Card Clearing service domain",
            "Step2": "Card Clearing service domain Invokes the Retrieve Participant Characteristics and Terms endpoint on Card Network Participant Facility service domain",
            "Step3": "Card Clearing service domain Invokes its Validate Interchange Fees and Perform Requalification endpoint",
            "Step4": "Card Clearing service domain Invokes Consolidate and Distribute Transactions endpoint",
            "Step5": "Card Clearing service domain Invokes its Calculate FX and LCY Equivalents endpoint",
            "Step6": "Card Clearing service domain Invokes its Request Clearing of Transactions from Issuer endpoint",
            "Step7": "Card Clearing service domain Invokes its Consolidate and Distribute Transactions endpoint",
            "Step8": "Card Clearing service domain Invokes the Book Issuers Settlement Transactions endpoint on Financial Accounting service domain",
            "Step9": "Card Clearing service domain Invokes the Book Acquirers Settlement Transactions endpoint on Financial Accounting service domain"
          }
        ]
      },
      {
        "Scenario": "Process Transaction Posting",
        "Service Domains": [
          "Card Clearing",
          "Credit/Charge Card",
          "Financial Accounting",
          "Issued Device Administration",
          "Position Keeping"
        ],
        "Sequence": [
          {
            "Step1": "Card Clearing service domain Invokes Process Transaction Booking endpoint on Credit/Charge Card service domain",
            "Step2": "Credit/Charge Card service domain Invokes the Retrieve Card Account ID endpoint on Issued Device Administration service domain",
            "Step3": "Credit/Charge Card service domain Invokes the Debit Card Account endpoint on Position Keeping service domain",
            "Step4": "Credit/Charge Card service domain Invokes the Credit Control Account endpoint on Position Keeping service domain",
            "Step5": "Credit/Charge Card service domain Invokes its Update Card Account Balances endpoint",
            "Step6": "Credit/Charge Card service domain Invokes the Book Clearing Transaction endpoint on Financial Accounting service domain",
            "Step7": "Credit/Charge Card service domain Invokes its Identify Debit and Credit Accounts endpoint",
            "Step8": "Financial Accounting service domain Invokes the Debit Accounts Receivable endpoint on Position Keeping service domain",
            "Step9": "Financial Accounting service domain Invokes the Credit Clearing Account endpoint on Position Keeping service domain",
            "Step10": "Financial Accounting service domain Invokes the Credit Revenue Account endpoint on Position Keeping service domain"
          }
        ]
      },
      {
        "Scenario": "Set Up New Card for Card Application",
        "Service Domains": [
          "Contact Dialogue",
          "Customer Offer",
          "Party Data Management",
          "Customer Credit Rating",
          "Customer Product/Service Eligibility",
          "Product Directory",
          "Customer Agreement",
          "Credit/Charge Card",
          "Financial Accounting",
          "Customer Agreement",
          "Position Keeping",
          "Issued Device Administration",
          "Issued Device Tracking",
          "Correspondence",
          "Document Services"
        ],
        "Sequence": [
          {
            "Step1": "Contact Dialogue service domain Invokes Handle Request for New Credit Card endpoint on Customer Offer service domain",
            "Step2": "Customer Offer service domain Invokes the Retrieve Customer Information endpoint on Party Data Management service domain",
            "Step3": "Customer Offer service domain Invokes the Retrieve Credit Assessment endpoint on Customer Credit Rating service domain",
            "Step4": "Customer Offer service domain Invokes the Evaluate Product Eligibility endpoint on Customer Product/Service Eligibility domains",
            "Step5": "Customer Offer service domain Invokes the Get Standard Conditions endpoint on Customer Product/Service Eligibility service domain",
            "Step6": "Customer Offer service domain Invokes the Get Customer Agreement endpoint on Customer Agreement service domain",
            "Step7": "Customer Offer service domain Invokes the Evaluate Completeness of Card Application endpoint on Credit/Charge Card service domain",
            "Step8": "Customer Offer service domain Invokes the Check Completeness of Supporting Documents endpoint on Document Services service domain",
            "Step9": "Customer Offer service domain Invokes the Initiate Credit/Charge Card endpoint on Credit/Charge Card service domain",
            "Step10": "Credit/Charge Card service domain Invokes its Determine Card Terms and Conditions and Disclosures endpoint",
            "Step11": "Credit/Charge Card service domain Invokes the Get Customer Consent of Terms and Disclosures endpoint on Contact Dialogue service domain",
            "Step12": "Credit/Charge Card service domain Invokes the Update Customer Agreement endpoint on Customer Agreement service domain",
            "Step13": "Credit/Charge Card service domain Invokes the File Customer Agreement endpoint on Document Services service domain",
            "Step14": "Credit/Charge Card service domain Invokes the Set Up Card Account endpoint on Position Keeping service domain",
            "Step15": "Credit/Charge Card service domain Invokes the Provide Card as Access Token endpoint on Issued Device Administration service domain",
            "Step16": "Issued Device Administration service domain Invokes its Assign Card Number endpoint",
            "Step17": "Issued Device Administration service domain Invokes its Allocate Card endpoint",
            "Step18": "Issued Device Administration service domain Invokes its Personalise Card endpoint",
            "Step19": "Issued Device Administration service domain Invokes the Record Card as Issued endpoint on Issued Device Tracking service domain",
            "Step20": "Issued Device Administration service domain Invokes the Dispatch Welcome Pack endpoint on Correspondence service domain",
            "Step21": "Issued Device Administration service domain Invokes the Send PIN Mailer endpoint on Correspondence service domain",
            "Step22": "Issued Device Administration service domain Invokes the Record Card Delivery Status endpoint on Issued Device Tracking service domain",
            "Step23": "Credit/Charge Card service domain Invokes the Debit Card Account for Joining and Annual Fee endpoint on Position Keeping service domain",
            "Step24": "Credit/Charge Card service domain Invokes the Credit Control Account for Joining and Annual Fee endpoint on Position Keeping service domain",
            "Step25": "Credit/Charge Card service domain Invokes the Create Bookings for Issuance of Credit Card endpoint on Financial Accounting service domain"
          }
        ]
      }
    ]
  }
}
