{
  "text": {
    "Business Domain": "Channels",
    "Business Scenarios Context": "Branch Location Operations will be responsible for its own EOD scheduling",
    "Business Scenarios": [
      {
        "Scenario": "Process Inventory of Cash and Distribution of Cash to Branches",
        "Service Domains": [
          "Branch Location Operations",
          "Point of Service",
          "Central Cash Handling",
          "Branch Currency Distribution",
          "Servicing Event History"
        ],
        "Sequence": [
          {
            "Step1": "Branch Location Operations Service Domain Invokes Initiate Daily Close of Operations endpoint",
            "Step2": "For Each Cash Holding Point of Service, Branch Location Operations Service Domain Invokes Get EOD Cash Balances and Outlook endpoint on Point of service Domain",
            "Step3": "Branch Location Operations Service Domain Invokes the Report EOD Consolidated Balances and Outlooks endpoint on Central Cash Handling Service Domain",
            "Step4": "Central Cash Handling Service Domain Invokes the Initiate Cash Distribution to and from Branches endpoint on Branch Currency Distribution Service Domain",
            "Step5": "For Each Branch, Branch Currency Distribution Service Domain Invokes the Perform Receiving and Handing Over Cash endpoint on Branch Locations operations Service Domain",
            "Step6": "For Each Cash Holding Point of Service, Branch Location Operations Service Domain Invokes Perform Receiving and Handing Over Cash endpoint on Point of Service Domain",
            "Step7": "Branch Currency Distribution Service Domain Invokes the Record Delivery and Receipt of Cash endpoint on Servicing Event History Service Domain"
          }
        ]
      },
      {
        "Scenario": "Review Use of Products and Services Via E-Branch",
        "Service Domains": [
          "E-Branch Management",
          "Channel Activity Analysis",
          "Customer Campaign Design"
        ],
        "Sequence": [
          {
            "Step1": "E-Branch Management Service Domain Invokes Create Report of Channel Activity endpoint on Channel Activity Analysis Service Domain",
            "Step2": "If Room for Improvement,E-Branch Management  Service Domain Invokes the Develop Online Upsell Campaign endpoint on Customer Campaign Design Service Domain"
          }
        ]
      },
      {
        "Scenario": "Review Branch Location Performance",
        "Service Domains": [
          "Branch Network Management",
          "Branch Location Management",
          "Branch Location Operations",
          "Prospect Campaign Management"
        ],
        "Sequence": [
          {
            "Step1": "Branch Network Management Service Domain Invokes Determine Branch Location Performance endpoint on Branch Location Management Service Domain",
            "Step2": "Branch Location Management Service Domain Invokes Get Performance Details endpoint on Branch Location Operations Service Domain",
            "Step3": "If Room for Improvement, Branch Network Management Service Domain Invokes the Develop Brochure Campaign endpoint on Prospect Campaign Management Service Domain"
          }
        ]
      },
      {
        "Scenario": "Register Servicing Position in Call Centre",
        "Service Domains": [
          "Point of Service",
          "Contact Center Operations",
          "Contact Routing"
        ],
        "Sequence": [
          {
            "Step1": "Point of Service Domain Invokes Record New Representative endpoint on Contact Center Operations Service Domain",
            "Step2": "Contact Center Operations Service Domain Invokes Update Available Servicing Positions endpoint on Contact Routing Service Domain"
          }
        ]
      },
      {
        "Scenario": "Review ATM Float and Outage",
        "Service Domains": [
          "ATM Network Management",
          "ATM Network Operations",
          "Branch Currency Management"
        ],
        "Sequence": [
          {
            "Step1": "ATM Network Management Service Domain Invokes Create Report on Network Activity endpoint on ATM Network Operations Service Domain",
            "Step2": "ATM Network Management Service Domain Invokes Update ATM Float endpoint on Branch Currency Management Service Domain"
          }
        ]
      },
      {
        "Scenario": "Review Call Centre Activity for New Product",
        "Service Domains": [
          "Product Portfolio",
          "Product Quality Assurance",
          "Contact Center Management",
          "Contact Center Operations",
          "Servicing Activity Analysis",
          "Servicing Event History",
          "Product Design"
        ],
        "Sequence": [
          {
            "Step1": "Product Portfolio Service Domain Invokes Execute Product Quality Review endpoint on Product Quality Assurance Service Domain",
            "Step2": "Product Quality Assurance Service Domain Invokes Provide Report on Product Service Activity endpoint on Contact Center Management Service Domain",
            "Step3": "Contact Center Management Service Domain Invokes the Create Report on Product Service Activity endpoint on Contact Center Operations Service Domain",
            "Step4": "Contact Center Operations Service Domain Invokes Get Details of Product Servicing Activity endpoint on Servicing Activity Analysis Service Domain",
            "Step5": "Contact Center Operations Service Domain Invokes Get Details of Product Servicing History endpoint on Servicing Event History Service Domain",
            "Step6": "Product Portfolio Service Domain Invokes Initiate Product Design Amendment endpoint on Product Design Service Domain"
          }
        ]
      },
      {
        "Scenario": "Adjust Call Centre Position Assignments",
        "Service Domains": [
          "Contact Center Management",
          "Contact Center Operations",
          "Advanced Voice Services Management",
          "Servicing Activity Analysis"
        ],
        "Sequence": [
          {
            "Step1": "Contact Center Management Service Domain Invokes Create Report on Call Centre Wait Time endpoint on Contact Center Operations Service Domain",
            "Step2": "Contact Center Operations Service Domain Invokes Provide PBX/Voice Activity Details endpoint on Advanced Voice Services Management Service Domain",
            "Step3": "Contact Center Operations Service Domain Invokes the Provide Servicing Activity Details endpoint on Servicing Activity Analysis Service Domain",
            "Step4": "Contact Center Management Service Domain Invokes the Reassign CSR According to Contact Load endpoint on Contact Center Operations Service Domain"
          }
        ]
      }
    ]
  }
}
