{
  "text": {
    "Business Domain": "Lending",
    "Business Scenarios Context": "Lending",
    "Business Scenarios": [
      {
        "Scenario": "Handle Mortage Loan Application",
        "Service Domains": [
          "Contact Dialogue",
          "Customer Offer",
          "Customer Credit Rating",
          "Correspondence",
          "Product Expert Sales Support",
          "Collateral Asset Administration",
          "Party Lifecycle Management",
          "Product Directory",
          "Mortgage Loan"
        ],
        "Sequence": [
          {
            "Step1": "Contact Dialogue service domain Invokes the Initiate Mortgage Loan Application Process endpoint on Customer Offer service domain",
            "Step2": "Customer Offer service domain Invokes the Verify Retail Customer endpoint on Party Lifecycle Management service domain",
            "Step3": "Customer Offer service domain Invokes the Get Loan Product Details endpoint on Product Directory service domain",
            "Step4": "Customer Offer service domain Invokes the Get Mortgage Loan Request from Customer endpoint on Contact Dialogue service domain",
            "Step5": "Customer Offer service domain Invokes the Initiate Mortgage Loan endpoint on Mortgage Loan service domain",
            "Step6": "Customer Offer service domain Invokes its Record Borrower and Loan Information endpoint",
            "Step7": "Customer Offer service domain Invokes the Assign Expertise to the Application Process endpoint on Product Expert Sales Support service domain",
            "Step8": "Customer Offer service domain Invokes the Get Pricing Information endpoint on Product Directory service domain",
            "Step9": "Customer Offer service domain Invokes the Record Property Details endpoint on Collateral Asset Administration service domain",
            "Step10": "Customer Offer service domain Invokes its Update Terms and Conduct Repricing endpoint",
            "Step11": "Customer Offer service domain Invokes the Agree Revised Terms with Customer endpoint on Contact Dialogue service domain",
            "Step12": "Customer Offer service domain Invokes the Get Loan-specific Credit Report endpoint on Customer Credit Rating  service domain",
            "Step13": "Customer Offer service domain Invokes the Record Escrow Information endpoint on Collateral Asset Administration service domain",
            "Step14": "Customer Offer service domain Invokes the Edit Fees and Credits endpoint on Mortgage Loan service domain",
            "Step15": "Customer Offer service domain Invokes the Generate Initial Loan endpoint on Mortgage Loan service domain",
            "Step16": "Mortgage Loan service domain Invokes the Inform Customer on Loan Package endpoint on Correspondence service domain",
            "Step17": "Mortgage Loan service domain Invokes its ConductMortgage Loan Processing endpoint"
          }
        ]
      },
      {
        "Scenario": "Disburse Mortgage Loan",
        "Service Domains": [
          "Mortgage Loan",
          "Disbursement",
          "Current Account",
          "Payment Order",
          "Correspondence"
        ],
        "Sequence": [
          {
            "Step1": "Mortgage Loan service domain Invokes the Disburse Mortgage Loan endpoint on Disbursement service domain",
            "Step2": "If Disbursement is Via Overdraft in Current Account, Disbursement service domain Invokes the Set Overdraft Limit endpoint on Current Account service domain",
            "Step3": "Disbursement service domain Invokes the Create Payment Order for Loan Disbursement endpoint on Payment Order service domain",
            "Step4": "Disbursement service domain Invokes the Create Payment Order for Taxes endpoint on Payment Order service domain",
            "Step5": "Disbursement service domain Invokes the Create Payment Order for Fees and Charges endpoint on Payment Order service domain",
            "Step6": "Disbursement service domain Invokes the Inform Customer about Disbursement endpoint on Correspondence service domain"
          }
        ]
      },
      {
        "Scenario": "Perform Underwriting",
        "Service Domains": [
          "Mortgage Loan",
          "Underwriting",
          "Internal Audit",
          "Customer Position",
          "Customer Credit Rating",
          "Collateral Asset Administration",
          "Credit Risk Models",
          "Regulatory Compliance",
          "Fraud Evaluation",
          "Guideline Compliance"
        ],
        "Sequence": [
          {
            "Step1": "Mortgage Loan service domain Invokes the Perform Underwriting endpoint on Underwriting service domain",
            "Step2": "Underwriting service domain Invokes its Review and Add Conditions endpoint",
            "Step3": "Underwriting service domain Invokes the Get Overall Customer Position endpoint on Customer Position service domain",
            "Step4": "Underwriting service domain Invokes the Get Customer Credit Score endpoint on Customer Credit Rating service domain",
            "Step5": "Underwriting service domain Invokes the Get Collateral Risk endpoint on Collateral Asset Administration service domain",
            "Step6": "Underwriting service domain Invokes the Get Mortgage Lending Risk Model endpoint on Credit Risk Models service domain",
            "Step7": "Underwriting service domain Invokes the Conduct Regulatory Compliance Checks endpoint on Regulatory Compliance service domain",
            "Step8": "Underwriting service domain Invokes the Verify Against Fraud Alert Rules, Models and Scanners endpoint on Fraud Evaluation service domain",
            "Step9": "Underwriting service domain Invokes the Verify Correct Execution of the Mortgage Loan Process endpoint on Guideline Compliance service domain",
            "Step10": "If Required, Underwriting service domain Invokes its Adjust Offer endpoint",
            "Step11": "Underwriting service domain Invokes its Review Conditions endpoint",
            "Step12": "Underwriting service domain Invokes its Approve Loan endpoint",
            "Step13": "Underwriting service domain Invokes the Conduct Underwriting Audit endpoint on Internal Audit service domain",
            "Step14": "Underwriting service domain Invokes its Conduct Second Review endpoint"
          }
        ]
      },
      {
        "Scenario": "EXT Prepare Fiduciary Acquisition of Loan Object",
        "Service Domains": [
          "Customer Workbench",
          "E-Branch Operations",
          "Contact Handler",
          "Point of Service",
          "Contact Dialogue",
          "Customer Offer",
          "Collateral Asset Administration",
          "Party Data Management",
          "Legal Compliance"
        ],
        "Sequence": [
          {
            "Step1": "Customer Offer service domain Invokes the Prepare Transfer of Ownership/Title endpoint on Collateral Asset Administration service domain",
            "Step2": "Collateral Asset Administration service domain Invokes the Get Merchant Data endpoint on Party Data Management service domain",
            "Step3": "Collateral Asset Administration service domain Invokes its Verify Merchant endpoint",
            "Step4": "Collateral Asset Administration service domain Invokes its Check Make and Type of Loan Object endpoint",
            "Step5": "Collateral Asset Administration service domain Invokes the Confirm Banks Loan Object Data with Merchant endpoint on Customer Workbench service domain",
            "Step6": "Collateral Asset Administration service domain Invokes the Prepare Fiduciairy Acquisition Contract/Title endpoint on Legal Compliance service domain"
          }
        ]
      },
      {
        "Scenario": "EXT Handle Merchandising Loan Application ",
        "Service Domains": [
          "Customer Workbench",
          "E-Branch Operations",
          "Contact Handler",
          "Point of Service",
          "Customer Offer",
          "Transaction Authorization",
          "Party Lifecycle Management",
          "Merchandising Loan",
          "Product Directory",
          "Document Services",
          "Collateral Asset Administration",
          "Underwriting"
        ],
        "Sequence": [
          {
            "Step1": "Customer Workbench service domain Invokes the Hamndle Service Request from Customer/TPP endpoint on E-Branch Operations service domain",
            "Step2": "E-Branch Operations service domain Invokes the Start Contact Session endpoint on Contact Handler service domain",
            "Step3": "Contact Handler service domain Invokes the Initiate Servicing Dialogue endpoint on Point of Service service domain",
            "Step4": "Point of Service service domain Invokes the Handle Customer/TPP Contact endpoint on Contact Dialogue service domain",
            "Step5": "Contact Dialogue service domain Invokes the Get Requested Service from Customer/TPP endpoint on Customer Workbench service domain",
            "Step6": "Contact Dialogue service domainInvokes the Record Request for Merchandising Loan endpoint on Customer Offer service domain",
            "Step7": "Customer Offer service domain Invokes the Get Transaction Authorisation endpoint on Transaction Authorization service domain",
            "Step8": "Customer Offer service domain Invokes the Get Details of Customer endpoint on Customer Workbench service domain",
            "Step9": "Customer Offer service domain Invokes the  Verify Retail Customer endpoint on Party Lifecycle Management service domain",
            "Step10": "Customer Offer service domain Invokes the Get Loan Product Details endpoint on Product Directory service domain",
            "Step11": "Customer Offer service domain Invokes the Show Standard Conditions and Get Details from Customer endpoint on Customer Workbench service domain",
            "Step12": "Customer Offer service domain Invokes its Verify Completeness of Borrower and Loan Details endpoint",
            "Step13": "Customer Offer service domain Invokes the Get Required Customer and Loan Object Documents endpoint on Customer Workbench service domain",
            "Step14": "Customer Offer service domain Invokes the Verify Correctness of Documents endpoint on Document Services service domain",
            "Step15": "Customer Offer service domain Invokes the Initiate Merchandising Loan endpoint on Merchandising Loan service domain",
            "Step16": "Customer Offer service domain Invokes the Get Pricing Information endpoint on Product Directory service domain",
            "Step17": "Customer Offer service domain Invokes the Prepare Transfer of Ownership/Title endpoint on Collateral Asset Administration service domain",
            "Step18": "Customer Offer service domain Invokes the Inform Customer on Rates and Conditions and Get Confirmation endpoint on Customer Workbench service domain",
            "Step19": "Customer Offer service domain Invokes the Generate Initial Loan endpoint on Merchandising Loan service domain",
            "Step20": "Merchandising Loan service domain Invokes the Perform Underwriting for Merchandising Loan endpoint on Underwriting service domain",
            "Step21": "Merchandising Loan service domain Invokes the Inform Customer on Loan Approval and Get Confirmation endpoint on Customer Workbench service domain",
            "Step22": "Merchandising Loan service domain Invokes its Process Closing of Merchandising Loan endpoint"
          }
        ]
      },
      {
        "Scenario": "EXT Disburse Uncollateralised Consumer Loan",
        "Service Domains": [
          "Customer Workbench",
          "E-Branch Operations",
          "Contact Handler",
          "Point of Service",
          "Contact Dialogue",
          "Consumer Loan",
          "Disbursement",
          "Current Account",
          "Payment Order",
          "Customer Billing"
        ],
        "Sequence": [
          {
            "Step1": "Consumer Loan service domain Invokes its Perform Determine Disbursement Amount endpoint",
            "Step2": "Disbursement Amount is Positive, Consumer Loan service domain Invokes the Disburse Uncollaterised Consumer Loan endpoint on Disbursement service domain",
            "Step3": "Disbursement via Overdraft in Current Account, Disbursement service domain Invokes the Set Overdraft Limit endpoint on Current Account service domain",
            "Step4": "Disbursement service domain Invokes the Create Payment Order for Loan Disbursement endpoint on Payment Order service domain",
            "Step5": "Disbursement service domain Invokes the Create Payment Order for Taxes endpoint on Payment Order service domain",
            "Step6": "Disbursement service domain Invokes the Create Payment Oder for Fees and Charges endpoint on Payment Order service domain",
            "Step7": "Disbursement service domain Invokes the Inform Customer about Disbursement endpoint on Customer Workbench service domain",
            "Step8": "Consumer Loan service domain Invokes the Raise Demand ror Additional Payment endpoint on Customer Billing service domain",
            "Step9": "Consumer Loan service domain Invokes the Inform Customer about Demand Being Raised endpoint on Customer Workbench service domain"
          }
        ]
      },
      {
        "Scenario": "EXT Handle Request for Renewal of Uncollateralised Consumer Loan",
        "Service Domains": [
          "Customer Workbench",
          "E-Branch Operations",
          "Contact Handler",
          "Point of Service",
          "Contact Dialogue",
          "Customer Product/Service Eligibility",
          "Servicing Order",
          "Transaction Authorization",
          "Party Lifecycle Management",
          "Customer Product/Service Eligibility",
          "Party Data Management",
          "Customer Credit Rating",
          "Consumer Loan",
          "Transaction Engine",
          "Position Keeping",
          "Product Directory",
          "Document Services",
          "Underwriting"
        ],
        "Sequence": [
          {
            "Step1": "Customer Workbench service domain Invokes the Handle Service Request from Customer endpoint on E-Branch Operations service domain",
            "Step2": "E-Branch Operations service domain Invokes the Start Contact Session endpoint on Contact Handler service domain",
            "Step3": "Contact Handler service domain Invokes the Initiate Servicing Dialogue endpoint on Point of Service service domain",
            "Step4": "Point of Service service domain Invokes the Handle Customer Contact endpoint on Contact Dialogue service domain",
            "Step5": "Contact Dialogue service domain Invokes the Get Requested Service from Customer endpoint on Customer Workbench service domain",
            "Step6": "Contact Dialogue service domain Invokes the Get Products of This Customer endpoint on Customer Product/Service Eligibility service domain",
            "Step7": "Contact Dialogue service domain Invokes the Handle Request for Loan Modificationl endpoint on Servicing Order service domain",
            "Step8": "Servicing Order service domain Invokes the Get Transaction Authorisation endpoint on Transaction Authorization service domain",
            "Step9": "Servicing Order service domain Invokes the Verify Retail Customer endpoint on Party Lifecycle Management service domain",
            "Step10": "Servicing Order service domain Invokes the Get Loan Details endpoint on Consumer Loan service domain",
            "Step11": "Servicing Order service domain Invokes the Get Repayment Details of Loan to Be Modified endpoint on Consumer Loan service domain",
            "Step12": "Consumer Loan service domain Invokes the Get Repayment Schedule endpoint on Transaction Engine service domain",
            "Step13": "Consumer Loan service domain Invokes the Get Bookings for This Account endpoint on Position Keeping service domain",
            "Step14": "Servicing Order service domain Invokes the Show Options and Record Customer Selection endpoint on Customer Workbench service domain",
            "Step15": "Servicing Order service domain Invokes the Get Products and Statuses of This Customer endpoint on Customer Product/Service Eligibility service domain",
            "Step16": "Servicing Order service domain Invokes the Get Customer Financial Information endpoint on Party Data Management service domain",
            "Step17": "Servicing Order service domain Invokes the Get Customer Credit Report endpoint on Customer Credit Rating service domain",
            "Step18": "Servicing Order service domain Invokes its Determine Additional Fees and Charges endpoint",
            "Step19": "Servicing Order service domain Invokes the Get Available Documents endpoint on Document Services service domain",
            "Step20": "Servicing Order service domain Invokes the Get List of Required Data and Documents endpoint on Product Directory service domain",
            "Step21": "Servicing Order service domain Invokes the Get Data and Documents endpoint on Customer Workbench service domain",
            "Step22": "Servicing Order service domain Invokes the Check Validity of Documents endpoint on Document Services service domain",
            "Step23": "Servicing Order service domain Invokes the Renew Uncollateralised Consumer Loan endpoint on Consumer Loan service domain",
            "Step24": "Consumer Loan service domain Invokes the Perform Underwriting for Renewal of Uncollateralised Consumer Loan endpoint on Underwriting service domain"
          }
        ]
      },
      {
        "Scenario": "Conduct Mortgage Loan Processing",
        "Service Domains": [
          "Mortgage Loan",
          "Mortgage Loan",
          "Guideline Compliance",
          "Correspondence",
          "Financial Accounting",
          "Regulatory Compliance",
          "Collateral Asset Administration",
          "Information Provider Operation",
          "Underwriting"
        ],
        "Sequence": [
          {
            "Step1": "Mortgage Loan service domain Invokes the Conduct Mortgage Loan Processing endpoint on Mortgage Loan service domain",
            "Step2": "Mortgage Loan service domain Invokes the Assign Accounting Unit to Mortgage Process endpoint on Financial Accounting service domain",
            "Step3": "Mortgage Loan service domain Invokes the Get Mortgage Loan Disclosure Requirements endpoint on Regulatory Compliance service domain",
            "Step4": "Mortgage Loan service domain Invokes the Conduct Flood Search, Title Search endpoint on Collateral Asset Administration service domain",
            "Step5": "Until Data Are Complete, Collateral Asset Administration service domain Invokes the Get Required Information endpoint on Information Provider Operation service domain",
            "Step6": "Mortgage Loan service domain Invokes its Verify Customer Data endpoint",
            "Step7": "Mortgage Loan service domain Invokes the Get Additional Customer Data endpoint on Correspondence service domain",
            "Step8": "Mortgage Loan service domain Invokes the Verify Correct Execution of Application Process endpoint on Guideline Compliance service domain",
            "Step9": "Mortgage Loan service domai Invokes the Inform Customer on Status of Application endpoint on Correspondence service domain",
            "Step10": "Mortgage Loan service domain Invokes the Perform Underwriting endpoint on Underwriting service domain"
          }
        ]
      },
      {
        "Scenario": "EXT Process Closing of Merchandising Loan",
        "Service Domains": [
          "Customer Workbench",
          "E-Branch Operations",
          "Contact Handler",
          "Point of Service",
          "Contact Dialogue",
          "Merchandising Loan",
          "Collateral Asset Administration",
          "Correspondence",
          "Customer Agreement",
          "Position Keeping",
          "Disbursement",
          "Information Provider Operation",
          "Financial Accounting",
          "Transaction Engine",
          "Document Services"
        ],
        "Sequence": [
          {
            "Step1": "Merchandising Loan service domain Invokes its Process Closing of Merchandising Loan endpoint",
            "Step2": "Merchandising Loan service domain Invokes the Get Customer Signature endpoint on Correspondence service domain",
            "Step3": "Merchandising Loan service domain Invokes the Update Customer Agreement endpoint on Customer Agreement service domain",
            "Step4": "Merchandising Loan service domain Invokes the Complete Fiduciary Acquisition/Title of Loan Object endpoint on Collateral Asset Administration service domain",
            "Step5": "Collateral Asset Administration service domain Invokes the Inform Merchant on Acceptance and Return Signed Acquisition Agreement endpoint on Customer Workbench service domain",
            "Step6": "Merchandising Loan service domain Invokes the Set Up Loan Account endpoint on Position Keeping service domain",
            "Step7": "Merchandising Loan service domain Invokes the Disburse Merchandising Loan endpoint on Disbursement service domain",
            "Step8": "Merchandising Loan service domain Invokes the Register Loan with External Agencies endpoint on Information Provider Operation service domain",
            "Step9": "Merchandising Loan service domain Invokes the Set Up Merchandising Loan endpoint on Financial Accounting service domain",
            "Step10": "Merchandising Loan service domain Invokes the Set Up Repayment Schedule endpoint on Transaction Engine service domain",
            "Step11": "Merchandising Loan service domain Invokes its Prepare Loan Dossier endpoint",
            "Step12": "Merchandising Loan service domain Invokes the File Loan Dossier endpoint on Document Services service domain"
          }
        ]
      },
      {
        "Scenario": "Process Closing of Mortgage Loan",
        "Service Domains": [
          "Mortgage Loan",
          "Document Services",
          "Regulatory Compliance",
          "Guideline Compliance",
          "Product Directory",
          "Customer Agreement",
          "Correspondence",
          "Position Keeping",
          "Collateral Asset Administration",
          "Disbursement",
          "Information Provider Operation",
          "Financial Accounting",
          "Transaction Engine"
        ],
        "Sequence": [
          {
            "Step1": "Mortgage Loan service domain Invokes the Verify Regulatory Compliance endpoint on Regulatory Compliance service domain",
            "Step2": "Mortgage Loan service domain Invokes the Verify Correct Execution of Origination Procedure endpoint on Guideline Compliance service domain",
            "Step3": "Mortgage Loan service domain Invokes the Get Operational Details endpoint on Product Directory service domain",
            "Step4": "Mortgage Loan service domain Invokes the Get Customer-specific Conditions endpoint on Customer Agreement service domain",
            "Step5": "Mortgage Loan service domain Invokes its Prepare Mortgage Loan Agreement endpoint",
            "Step6": "Mortgage Loan service domain Invokes the Get Customer Signature endpoint on Correspondence service domain",
            "Step7": "Mortgage Loan service domain Invokes the Set Up Loan Account endpoint on Position Keeping service domain",
            "Step8": "Mortgage Loan service domain Invokes the Perform Title Perfection endpoint on Collateral Asset Administration service domain",
            "Step9": "Mortgage Loan service domain Invokes the Disburse Mortgage Loan endpoint on Disbursement service domain",
            "Step10": "Mortgage Loan service domain Invokes the Register Loan with External Agencies endpoint on Information Provider Operation service domain",
            "Step11": "Mortgage Loan service domain Invokes the Set up Mortgage Loan endpoint on Financial Accounting service domain",
            "Step12": "Mortgage Loan service domain Invokes the Set Up Repayment Schedule endpoint on Transaction Engine service domain",
            "Step13": "Mortgage Loan service domain Invokes its Prepare Mortgage Loan Dossier endpoint",
            "Step14": "Mortgage Loan service domain Invokes the File Mortgage Loan Dossier endpoint on Document Services service domain"
          }
        ]
      },
      {
        "Scenario": "Conduct Collateral Appraisal",
        "Service Domains": [
          "Customer Offer",
          "Collateral Asset Administration",
          "Mortgage Loan"
        ],
        "Sequence": [
          {
            "Step1": "Customer Offer service domain Invokes the Record Property Details endpoint on Collateral Asset Administration service domain",
            "Step2": "Collateral Asset Administration service domain Invokes its Order Collateral Appraisal endpoint",
            "Step3": "Collateral Asset Administration service domain Invokes its Review Collateral Appraisal endpoint",
            "Step4": "Collateral Asset Administration service domain Invokes its Update Terms and Conduct Repricing endpoint",
            "Step5": "If required, Collateral Asset Administration service domain Invokes its Conduct Second Appraisal endpoint",
            "Step6": "Collateral Asset Administration service domain Invokes its Approve Appraisal endpoint",
            "Step7": "Collateral Asset Administration service domain Invokes the Record Collateral Appraisal Results endpoint on Mortgage Loan service domain"
          }
        ]
      },
      {
        "Scenario": "EXT Disburse Merchandising Loan",
        "Service Domains": [
          "Customer Workbench",
          "E-Branch Operations",
          "Contact Handler",
          "Point of Service",
          "Contact Dialogue",
          "Merchandising Loan",
          "Disbursement",
          "Payment Order",
          "Correspondence"
        ],
        "Sequence": [
          {
            "Step1": "Merchandising Loan service domain Invokes the Disburse Merchandising Loan endpoint on Disbursement service domain",
            "Step2": "Disbursement service domain Invokes the Create Payment Order for Loan Disbursement endpoint on Payment Order service domain",
            "Step3": "Disbursement service domain Invokes the Confirm Payment Order to Merchant endpoint on Customer Workbench service domain",
            "Step4": "Disbursement service domain Invokes the Inform Customer about Disbursement endpoint on Correspondence service domain",
            "Step5": "Disbursement service domain Invokes the Create Payment Order for Taxes endpoint on Payment Order service domain",
            "Step6": "Disbursement service domain Invokes the Create Payment Order for Fees and Charges endpoint on Payment Order service domain"
          }
        ]
      },
      {
        "Scenario": "Process Modification of Merchandising Loan",
        "Service Domains": [
          "Servicing Order",
          "Merchandising Loan",
          "Collateral Asset Administration",
          "Correspondence",
          "Customer Agreement",
          "Information Provider Operation",
          "Financial Accounting",
          "Transaction Engine",
          "Document Services"
        ],
        "Sequence": [
          {
            "Step1": "Servicing Order service domain Invokes the Process Modification of Merchandising Loan endpoint on Merchandising Loan service domain",
            "Step2": "Merchandising Loan service domain Invokes the Get Customer Signature endpoint on Correspondence service domain",
            "Step3": "Merchandising Loan service domain Invokes the Update Customer Agreement endpoint on Customer Agreement service domain",
            "Step4": "Merchandising Loan service domain Invokes the Adjust Fiduciary Acquisition/Title of Loan Object endpoint on Collateral Asset Administration service domain",
            "Step5": "Merchandising Loan service domain Invokes the Register Loan Modification with External Agencies endpoint on Information Provider Operation service domain",
            "Step6": "Merchandising Loan service domain Invokes the Modify Merchandising Loan endpoint on Financial Accounting service domain",
            "Step7": "Merchandising Loan service domain Invokes the Modify Repayment Schedule endpoint on Transaction Engine service domain",
            "Step8": "Merchandising Loan service domain Invokes its Update Loan Dossier endpoint",
            "Step9": "Merchandising Loan service domain Invokes the File Loan Dossier endpoint on Document Services service domains"
          }
        ]
      },
      {
        "Scenario": "EXT Handle Request for Modification of Merchandising Loan",
        "Service Domains": [
          "Customer Workbench",
          "E-Branch Operations",
          "Contact Handler",
          "Point of Service",
          "Contact Dialogue",
          "Servicing Order",
          "Transaction Authorization",
          "Party Lifecycle Management",
          "Customer Product/Service Eligibility",
          "Merchandising Loan",
          "Transaction Engine",
          "Position Keeping",
          "Product Directory",
          "Document Services",
          "Underwriting"
        ],
        "Sequence": [
          {
            "Step1": "Customer Workbench service domain Invokes the Handle Service Request from Customer endpoint on E-Branch Operations service domain",
            "Step2": "E-Branch Operations service domain Invokes the Start Contact Session endpoint on Contact Handler service domain",
            "Step3": "Contact Handler service domain Invokes the Initiate Servicing Dialogue endpoint on Point of Service service domain",
            "Step4": "Point of Service domain Invokes the Handle Customer Contact endpoint on Contact Dialogue service domain",
            "Step5": "Contact Dialogue domain Invokes the Get Requested Service from Customer endpoint on Customer Workbench service domain",
            "Step6": "Contact Dialogue service domain Invokes the Handle Request for Modification of Merchandising Loan endpoint on Servicing Order service domain",
            "Step7": "Servicing Order service domain Invokes the Get Transaction Authorisation endpoint on Transaction Authorization service domain",
            "Step8": "Servicing Order service domain Invokes the Verify Retail Customer endpoint on Party Lifecycle Management service domain",
            "Step9": "Servicing Order service domain Invokes the Get Loans of This Customer endpoint on Customer Product/Service Eligibility service domain",
            "Step10": "Servicing Order service domain Invokes the Show Loans and Record Customer Selection endpoint on Customer Workbench service domain",
            "Step11": "Servicing Order service domain Invokes the Get Loan Details  endpoint on Merchandising Loan service domain",
            "Step12": "Servicing Order service domain Invokes the Get Repayment Details of Loan to Be Modified endpoint on Merchandising Loan service domain",
            "Step13": "Merchandising Loan service domain Invokes the Get Repayment Schedule endpoint on Transaction Engine service domain",
            "Step14": "Servicing Order service domain Invokes the Determine Outstanding Balance endpoint on Merchandising Loan service domain",
            "Step15": "Merchandising Loan service domain Invokes the Get Bookings for This Account endpoint on Position Keeping service domain",
            "Step16": "Servicing Order  service domain Invokes the Get Template for Request for Loan Modification endpoint on Product Directory service domain",
            "Step17": "Servicing Order service domain Invokes the Show Loan Details and Record Modification Request endpoint on Customer Workbench service domain",
            "Step18": "Servicing Order service domain Invokes its Verify Completeness of Request endpoint",
            "Step19": "Servicing Order service domain Invokes the Get Required Documents endpoint on Customer Workbench service domain",
            "Step20": "Servicing Order service domain Invokes the Check Validity of Documents endpoint on Document Services service domain",
            "Step21": "Servicing Order service domain Invokes the Perform Underwriting for Modification of Merchandising Loan endpoint on underwriting service domain",
            "Step22": "Servicing Order service domain Invokes the Inform Customer on Conditions and Get Approval endpoint on Customer Workbench service domain",
            "Step23": "Servicing Order service domain Invokes the Process Modification of Merchandising Loan endpoint on Merchandising Loan service domain"
          }
        ]
      },
      {
        "Scenario": "EXT Process Closing of Uncollateralised Consumer Loan",
        "Service Domains": [
          "Customer Workbench",
          "E-Branch Operations",
          "Contact Handler",
          "Point of Service",
          "Contact Dialogue",
          "Consumer Loan",
          "Customer Agreement",
          "Disbursement",
          "Information Provider Operation",
          "Financial Accounting",
          "Transaction Engine",
          "Document Services"
        ],
        "Sequence": [
          {
            "Step1": "Consumer Loan service domain Invokes its Process Closing of Uncollateralised Consumer Loan endpoint",
            "Step2": "Consumer Loan service domain Invokes the Inform Customer on Approval and Get Customer Signature endpoint on Customer Workbench service domain",
            "Step3": "Consumer Loan service domain Invokes the Update Customer Agreement endpoint on Customer Agreement service domain",
            "Step4": "Consumer Loan service domain Invokes its Renew Uncollateralised Consumer Loan endpoint",
            "Step5": "Consumer Loan service domain Invokes the Disburse Uncollateralised Consumer Loan endpoint on Disbursement service domain",
            "Step6": "Consumer Loan service domain Invokes the Register Loan with External Agencies endpoint on Information Provider Operation service domain",
            "Step7": "Consumer Loan service domain Invokes the Renew Uncollateralised Consumer Loan endpoint on Financial Accounting service domain",
            "Step8": "Consumer Loan service domain Invokes the Set Up Repayment Schedule endpoint on Transaction Engine service domain",
            "Step9": "Consumer Loan service domain Invokes its Prepare Loan Dossier endpoint",
            "Step10": "Consumer Loan service domain Invokes the File Loan Dossier endpoint on Document Services service domain"
          }
        ]
      },
      {
        "Scenario": "Perform Underwriting for Renewal of Uncollateralised Consumer Loan",
        "Service Domains": [
          "Consumer Loan",
          "Underwriting",
          "Customer Posotion",
          "Customer Credit Rating",
          "Consumer Loan",
          "Credit Risk Models",
          "Regulatory Compliance",
          "Fraud Evaluation",
          "Guideline Compliance"
        ],
        "Sequence": [
          {
            "Step1": "Consumer Loan service domain Invokes the Perform Underwriting for Uncollateralised Consumer Loan endpoint on Underwriting service domain",
            "Step2": "Underwriting service domain Invokes its Review and Add Conditions endpoint",
            "Step3": "Underwriting service domain Invokes the Get Overall Customer Position endpoint on Customer Position service domain",
            "Step4": "Underwriting service domain Invokes the Get/Review Customer Credit Score endpoint on Customer Credit Rating service domain",
            "Step5": "Underwriting service domain Invokes the Get Repayment Details of Loan to Be Renewed endpoint on Consumer Loan service domain",
            "Step6": "Underwriting service domain Invokes the Get Uncollateralised Consumer Lending Risk Model endpoint on Credit Risk Models service domain",
            "Step7": "Underwriting service domain Invokes the Verify Regulatory Compliance endpoint on Regulatory Compliance service domain",
            "Step8": "Underwriting service domain Invokes the Verify Against Fraud Alert Rules Models and Scanners endpoint on Fraud Evaluation service domain",
            "Step9": "Underwriting service domain Invokes the Verify Correct Execution of Uncollateralised Consumer Loan Process endpoint on Guideline Compliance service domain",
            "Step10": "Underwriting service domain Invokes its Adjust Offer if Required endpoint",
            "Step11": "Underwriting service domain Invokes its Review Conditions endpoint",
            "Step12": "Underwriting service domain Invokes its Decide on Loan endpoint"
          }
        ]
      }
    ]
  }
}
