{
  "text": {
    "Business Domain": "Payments",
    "Business Scenarios Context": "Payments",
    "Business Scenarios": [
      {
        "Scenario": "Handle Incoming Credit Transfer - Execution by Corporate Current Account",
        "Service Domains": [
          "Financial Gateway",
          "Correspondent Bank",
          "Position Keeping",
          "Payment Order",
          "Corporate Current Account",
          "Payment Execution",
          "Regulatory Compliance"
        ],
        "Sequence": [
          {
            "Step1": "Financial Gateway service domain Invokes the Handle Incoming Payment Message endpoint on Correspondent Bank service domain",
            "Step2": "If Invalid, Correspondent Bank service domain Invokes the Send Payment Message endpoint on Financial Gateway service domain",
            "Step3": "Correspondent Bank service domain Invokes the Exceute Incoming Credit Transfer endpoint on Payment Order service domain",
            "Step4": "Payment Order service domain Invokes the Get Operational Details for Payment endpoint on Corporate Current Account service domain",
            "Step5": "Payment Order service domain Invokes the Check Incoming Transfer Originator endpoint on Regulatory Compliance service domain",
            "Step6": "Payment Order service domain Invokes the Execute Payment Transaction endpoint on Payment Execution service domain",
            "Step7": "If Incoming CreditTransfer and Execution by Account, Payment Execution service domain Invokes the Execute Debit Booking by Correspondent Bank endpoint on Correspondent Bank service domain",
            "Step8": "Correspondent Bank service domain Invokes the Authorise Debit Booking endpoint",
            "Step9": "Correspondent Bank service domain Invokes the Debit Loro/Nostro Account endpoint on Position Keeping service domain",
            "Step10": "Payment Execution service domain Invokes the Execute Credit Booking on Corporate Current Account endpoint on Corporate Current Account service domain"
          }
        ]
      },
      {
        "Scenario": "Process Incoming Direct Debit Instruction (Debtor Bank)",
        "Service Domains": [
          "Financial Gateway",
          "Correspondent Bank",
          "Payment Order",
          "Direct Debit Mandate",
          "Regulatory Compliance",
          "Payment Execution",
          "Position Keeping",
          "Corporate Current Account"
        ],
        "Sequence": [
          {
            "Step1": "Financial Gateway service domain Invokes the Handle Incoming Direct Debit Message endpoint on Correspondent Bank service domain",
            "Step2": "Correspondent Bank service domain Invokes the Initiate Payment Order for Incoming Direct Debit Instruction endpoint on Payment Order service domain",
            "Step3": "Payment Order service domain Invokes the Retrieve Related Direct Debit Mandate endpoint on Direct Debit Mandate service domain",
            "Step4": "If Not Covered by Mandate, Payment Order service domain Invokes the Reject Direct Debit endpoint on Correspondent Bank service domain",
            "Step5": "If Not Covered by Mandate, Correspondent Bank service domain Invokes the Send Payment Message endpoint on Financial Gateway service domain",
            "Step6": "Payment Order service domain Invokes the Conduct AML Check endpoint on Regulatory Compliance service domain",
            "Step7": "Payment Order service domain Invokes the Execute Payment Transaction endpoint on Payment Execution service domain",
            "Step8": "If Incoming Direct Debit Payment Transaction, Payment Execution service domain Invokes the Record Debit Booking for Customer Account endpoint on Position Keeping service domain",
            "Step9": "If Incoming Direct Debit Payment Transaction, Position Keeping service domain Invokes the Authorise Debit Booking endpoint on Corporate Current Account service domain",
            "Step10": "If Incoming Direct Debit Payment Transaction, Payment Execution service domain Invokes the Record Credit Booking for Correspondent Bank endpoint on Position Keeping service domain",
            "Step11": "If Incoming Direct Debit Payment Transaction, Position Keeping service domain Invokes the Authorise Credit Booking on Loro/Nostro Account endpoint on Correspondent Bank service domain"
          }
        ]
      },
      {
        "Scenario": "Process Salary Payments for On-Us Accounts",
        "Service Domains": [
          "Correspondence",
          "Payment Initiation",
          "Payment Order",
          "Corporate Current Account",
          "Payment Execution",
          "Position Keeping",
          "Current Account"
        ],
        "Sequence": [
          {
            "Step1": "Correspondence service domain Invokes the Record Instruction for Salary Payments endpoint on Payment Initiation service domain",
            "Step2": "Payment Initiation service domain Invokes the Initiate Payment Orders for Salary Payments to On-us Accounts endpoint on Payment Order service domain",
            "Step3": "Payment Order service domain Invokes the Put Final Block for Total Amount on Customer Account endpoint on Corporate Current Account service domain",
            "Step4": "For Each Salary Payment, Payment Order service domain Invokes the Get Operational Details for Payment endpoint on Corporate Current Account service domain",
            "Step5": "For Each Salary Payment, Payment Order service domain Invokes the Execute Payment Transaction endpoint on Payment Execution service domain",
            "Step6": "For Each Salary Payment, If On Us Account, Payment Execution service domain Invokes the Record Debit Booking for Intermediate Account endpoint on Position Keeping service domain",
            "Step7": "For Each Salary Payment, If On Us Account, Position Keeping service domain Invokes the Authorise Debit Booking on Intermediate Account endpoint on Corporate Current Account service domain",
            "Step8": "For Each Salary Payment, If On Us Account, Payment Execution service domain Invokes the Record Credit Booking for Customer Account endpoint on Position Keeping service domain",
            "Step9": "For Each Salary Payment, If On Us Account, Position Keeping service domain Invokes the Authorise Credit Booking endpoint on Current Account service domain",
            "Step10": "Payment Order service domain Invokes the Execute Payment Transaction endpoint on Payment Execution service domain",
            "Step11": "If Summary Booking of On Us Salary Payments, Payment Execution service domain Invokes the Record Debit Booking for Customer Account endpoint on Position Keeping service domain",
            "Step12": "If Summary Booking of On Us Salary Payments, Position Keeping service domain Invokes the Authorise Debit Booking endpoint on Corporate Cuurent Account service domain",
            "Step13": "If Summary Booking of On Us Salary Payments, Payment Execution service domain Invokes the Record Credit Booking for Intermediate Account endpoint on Position Keeping service domain",
            "Step14": "If Summary Booking of On Us Salary Payments, Position Keeping service domain Invokes the Authorise Credit Booking on Intermediate Account endpoint on Corporate Current Account service domain"
          }
        ]
      },
      {
        "Scenario": "Process Rejection Message for Outgoing Direct Debit (Creditor Bank)",
        "Service Domains": [
          "Financial Gateway",
          "Correspondent Bank",
          "Direct Debit",
          "Payment Order",
          "Payment Execution",
          "Position Keeping",
          "Corporate Current Account"
        ],
        "Sequence": [
          {
            "Step1": "Financial Gateway service domain Invokes the Process Rejection Message for Outgoing Direct Debit endpoint on Correspondent Bank service domain",
            "Step2": "Correspondent Bank service domain Invokes the Record rejection of Outgoing Direct Debit endpoint on Direct Debit service domain",
            "Step3": "Direct Debit service domain Invokes the Create Payment Order for Rejection Charges endpoint on Payment Order service domain",
            "Step4": "Direct Debit service domain Invokes the Reverse Outgoing Direct Debit Transaction endpoint on Payment Order service domain",
            "Step5": "Payment Order service domain Invokes the Execute Payment Transaction endpoint on Payment Execution service domain",
            "Step6": "If Rejection of Outgoing Direct Debit, Payment Execution service domain Invokes the Reverse Credit Booking for Customer Account endpoint on Position Keeping service domain",
            "Step7": "If Rejection of Outgoing Direct Debit, Position Keeping service domain Invokes the Authorise Reversal of Credit Booking endpoint on Corporate Current Account service domain",
            "Step8": "If Rejection of Outgoing Direct Debit, Payment Execution service domain Invokes the Reverse Debit Booking for Intermediate Account endpoint on Position Keeping service domain",
            "Step9": "If Rejection of Outgoing Direct Debit, Position Keeping service domain Invokes the Authorise Reversal of Debit Booking on Intermediate Account endpoint on Direct Debit service domain"
          }
        ]
      },
      {
        "Scenario": "Handle Internal Credit Transfer Requiring Second Line Authorisation",
        "Service Domains": [
          "Contact Dialogue",
          "Payment Initiation",
          "Payment Order",
          "Corporate Current Account",
          "Payment Execution",
          "Position Keeping",
          "Customer Relationship Management"
        ],
        "Sequence": [
          {
            "Step1": "Contact Dialogue service domain Invokes the Record Request for Payment Order endpoint on Payment Initiation service domain",
            "Step2": "Payment Initiation service domain Invokes the Execute Payment Order endpoint on Payment Order service domain",
            "Step3": "Payment Order service domain Invokes the Get Operational Details for Payment endpoint on Corporate Current Account service domain",
            "Step4": "Payment Order service domain Invokes the Execute Payment Transaction endpoint on Payment Execution service domain",
            "Step5": "If Internal Credit Transfer, Payment Execution service domain Invokes the Record Debit Booking for Customer Account endpoint on Position Keeping service domain",
            "Step6": "If Internal Credit Transfer, Position Keeping service domain Invokes the Authorise Debit Booking endpoint on Corporate Current Account service domain",
            "Step7": "If Internal Credit Transfer, If Rejected for Insufficient Funds, Payment Execution service domain Invokes the Get Second Line Authorisation endpoint on Customer Relationship Management service domain",
            "Step8": "If Internal Credit Transfer, If Rejected for Insufficient Funds, Customer Relationship Management service domain Invokes the Adjust Overdraft Limit endpoint on Corporate Current Account service domain",
            "Step9": "If Internal Credit Transfer, If Rejected for Insufficient Funds, Customer Relationship Management service domain Invokes the Put Final Amount Block endpoint on Corporate Current Account service domain",
            "Step10": "If Internal Credit Transfer, If Rejected for Insufficient Funds, Payment Execution service domain Invokes the Record Debit Booking for Customer Account endpoint on Position Keeping service domain",
            "Step11": "If Internal Credit Transfer, If Rejected for Insufficient Funds, Position Keeping service domain Invokes the Authorise Debit Booking endpoint on Corporate Current Account service domain",
            "Step12": "If Internal Credit Transfer, Payment Execution service domain Invokes the Record Credit Booking for Customer Account endpoint on Position Keeping service domain",
            "Step13": "If Internal Credit Transfer, Position Keeping service domain Invokes the Authorise Credit Booking endpoint on Corporate Current Account service domain"
          }
        ]
      },
      {
        "Scenario": "Process Salary Payments for External Accounts",
        "Service Domains": [
          "Correspondence",
          "Payment Initiation",
          "Payment Order",
          "Corporate Current Account",
          "Regulatory Compliance",
          "Payment Execution",
          "Position Keeping",
          "Correspondent Bank",
          "Financial Gateway"
        ],
        "Sequence": [
          {
            "Step1": "Correspondence service domain Invokes the Record Instruction for Salary Payments endpoint on Payment Initiation service domain",
            "Step2": "Payment Initiation service domain Invokes the Initiate Payment Orders for Salary Payments to External Accounts endpoint on Payment Order service domain",
            "Step3": "Payment Order service domain Invokes the Put Final Block for Total Amount on Customer Account endpoint on Corporate Current Account service domain",
            "Step4": "For Each Salary Payment, Payment Order service domain Invokes the Get Operational Details for Payment endpoint on Corporate Current Account service domain",
            "Step5": "For Each Salary Payment, Payment Order service domain Invokes the Conduct AML Check endpoint on Regulatory Compliance service domain",
            "Step6": "For Each Salary Payment, Payment Order service domain Invokes the Execute Payment Transaction endpoint on Payment Execution service domain",
            "Step7": "For Each Salary Payment, If Salary Payment to External Account, Payment Execution service domain Invokes the Record Debit Booking for Intermediate Account endpoint on Position Keeping service domain",
            "Step8": "For Each Salary Payment, If Salary Payment to External Account, Position Keeping service domain Invokes the Authorise Debit Booking on Intermediate Account endpoint on Corporate Current Account service domain",
            "Step9": "For Each Salary Payment, If Salary Payment to External Account, Payment Execution service domain Invokes the Record Credit Booking for Correspondent Bank endpoint on Position Keeping service domain",
            "Step10": "For Each Salary Payment, If Salary Payment to External Account, Position Keeping service domain Invokes the Authorise Credit Booking on Loro/Nostro Account endpoint on Correspondent Bank service domain",
            "Step11": "For Each Salary Payment, If Salary Payment to External Account, Correspondent Bank service domain Invokes the Send Payment Message endpoint on Financial Gateway service domain",
            "Step12": "Payment Order service domain Invokes the Execute Payment Transaction endpoint on Payment Execution service domain",
            "Step13": "If Summary Booking of External Salary Payments, Payment Execution service domain Invokes the Record Debit Booking for Customer Account endpoint on Position Keeping service domain",
            "Step14": "If Summary Booking of External Salary Payments, Position Keeping service domain Invokes the Authorise Debit Booking endpoint on Corporate Current Account service domain",
            "Step15": "If Summary Booking of External Salary Payments, Payment Execution service domain Invokes the Record Credit Booking for Intermediate Account endpoint on Position Keeping service domain",
            "Step16": "If Summary Booking of External Salary Payments, Position Keeping service domain Invokes the  Authorise Credit Booking on Intermediate Account endpoint on Corporate Current Account service domain"
          }
        ]
      },
      {
        "Scenario": "Handle Request for Outgoing Credit Transfer - Execution by Position Keeping",
        "Service Domains": [
          "Contact Dialogue",
          "Payment Initiation",
          "Payment Order",
          "Corporate Current Account",
          "Regulatory Compliance",
          "Payment Execution",
          "Position Keeping",
          "Correspondent Bank",
          "Financial Gateway"
        ],
        "Sequence": [
          {
            "Step1": "Contact Dialogue service domain Invokes the Record Request for Payment Order endpoint on Payment Initiation service domain",
            "Step2": "Payment Intiation service domain Invokes the Enrich Credit Transfer endpoint",
            "Step3": "Payment Intiation service domain Invokes the Conduct Dedup Check endpoint",
            "Step4": "Payment Intiation service domain Invokes the Initiate Outgoing Credit Transfer endpoint on Payment Order service domain",
            "Step5": "Payment Order service domain Invokes the Get Operational Details for Payment endpoint on Corporate Current Account service domain",
            "Step6": "If Forward Dated Payment, Payment Order service domain Invokes the Store Payment Order endpoint",
            "Step7": "Payment Order service domain Invokes the Check Beneficiary endpoint on Regulatory Compliance service domain",
            "Step8": "Payment Order service domain Invokes the Execute Payment Transaction endpoint on Payment Execution service domain",
            "Step9": "If Outgoing Credit Transfer and Execution by Position Keeping, Payment Execution service domain Invokes the Record Debit Booking for Customer Account endpoint on Position Keeping service domain",
            "Step10": "If Outgoing Credit Transfer and Execution by Position Keeping, Position Keeping service domain Invokes the Authorise Debit Booking endpoint on Corporate Current Account service domain",
            "Step11": "If Outgoing Credit Transfer and Execution by Position Keeping, Payment Execution service domain Invokes the Record Credit Booking for Correspondent Bank endpoint on Position Keeping service domain",
            "Step12": "If Outgoing Credit Transfer and Execution by Position Keeping, Position Keeping service domain Invokes the Authorise Credit Booking on Loro/Nostro Account endpoint on Correspondent Bank service domain",
            "Step13": "If Outgoing Credit Transfer and Execution by Position Keeping, Correspondent Bank service domain Invokes the Send Payment Message endpoint on Financial Gateway service domain"
          }
        ]
      },
      {
        "Scenario": "Process Clearing Error for Outgoing Credit Transfer",
        "Service Domains": [
          "Financial Gateway",
          "Correspondent Bank",
          "Payment Execution",
          "Position Keeping",
          "Corporate Current Account",
          "Payment Order"
        ],
        "Sequence": [
          {
            "Step1": "Financial Gateway service domain Invokes the Handle Clearing Error Message Outgoing Credit Transfer endpoint on Correspondent Bank service domain",
            "Step2": "Correspondent Bank service domain Invokes the Refund Outgoing Credit Transfer endpoint on Payment Execution service domain",
            "Step3": "Payment Execution service domain Invokes the Record Debit Booking for Reversal of Outgoing Credit Transfer endpoint on Position Keeping service domain",
            "Step4": "Position Keeping service domain Invokes the Authorise Debit Booking on Loro/Nostro Account endpoint on Correspondent Bank service domain",
            "Step5": "Payment Execution service domain Invokes the Record Credit Booking for Reversal of Outgoing Credit Transfer endpoint on Position Keeping service domain",
            "Step6": "Position Keeping service domain Invokes the Authorise Credit Booking endpoint on Corporate Current Account service domain",
            "Step7": "Payment Execution service domain Invokes the Change Transfer Status endpoint on Payment Order service domain"
          }
        ]
      },
      {
        "Scenario": "Process Request for Refund of Outgoing Direct Debit (Creditor Bank)",
        "Service Domains": [
          "Financial Gateway",
          "Correspondent Bank",
          "Direct Debit",
          "Payment Order",
          "Payment Execution",
          "Position Keeping",
          "Corporate Current Account"
        ],
        "Sequence": [
          {
            "Step1": "Financial Gateway service domain Invokes the Record Request for Refund of Outgoing Direct Debit endpoint on Correspondent Bank service domain",
            "Step2": "Correspondent Bank service domain Invokes the Process Request for Refund of Outgoing Direct Debit endpoint on Direct Debit service domain",
            "Step3": "Direct Debit service domain Invokes the Initiate Payment Order for Refund of Outgoing Direct Debit endpoint on Payment Order service domain",
            "Step4": "Payment Order service domain Invokes the Execute Payment Transaction endpoint on Payment Execution service domain",
            "Step5": "If Refund of Outgoing Direct Debit, Payment Execution service domain Invokes the Record Debit Booking for Customer Account endpoint on Position Keeping service domain",
            "Step6": "If Refund of Outgoing Direct Debit, Position Keeping service domain Invokes the Authorise Refund of Outgoing Direct Debit endpoint on Corporate Current Account service domain",
            "Step7": "If Refund of Outgoing Direct Debit, Payment Execution service domain Invokes the Record Credit Booking for Correspondent Bank endpoint on Position Keeping service domain",
            "Step8": "If Refund of Outgoing Direct Debit, Position Keeping service domain Invokes the Authorise Credit Booking on Loro/Nostro Account endpoint on Correspondent Bank service domain"
          }
        ]
      },
      {
        "Scenario": "Process Internal Direct Debit Instruction",
        "Service Domains": [
          "Correspondence",
          "Payment Initiation",
          "Customer Agreement",
          "Direct Debit",
          "Payment Order",
          "Payment Execution",
          "Position Keeping",
          "Corporate Current Account"
        ],
        "Sequence": [
          {
            "Step1": "Correspondence service domain Invokes the Record Request for Internal Direct Debits endpoint on Payment Initiation service domain",
            "Step2": "Payment Initiation service domain Invokes the Verify Direct Debit Agreement endpoint on Customer Agreement service domain",
            "Step3": "Payment Initiation service domain Invokes the Handle Request for Internal Direct Debits endpoint on Direct Debit service domain",
            "Step4": "For Each Direct Debit in Instruction, Direct Debit service domain Invokes the Initiate Direct Debit Order endpoint",
            "Step5": "For Each Direct Debit in Instruction, Direct Debit service domain Invokes the Initiate Payment Order for Internal Direct Debit endpoint on Payment Order service domain",
            "Step6": "For Each Direct Debit in Instruction, Payment Order service domain Invokes the Execute Payment Transaction endpoint on Payment Execution service domain",
            "Step7": "For Each Direct Debit in Instruction, Payment Execution service domain Invokes the Record Debit Booking for Customer Account endpoint on Position Keeping service domain",
            "Step8": "For Each Direct Debit in Instruction, Position Keeping service domain Invokes the Authorise Debit Booking endpoint on Corporate Current Account service domain",
            "Step9": "For Each Direct Debit in Instruction, Payment Execution service domain Invokes the Record Credit Booking for Intermediate Account endpoint on Position Keeping service domain",
            "Step10": "For Each Direct Debit in Instruction, Position Keeping service domain Invokes the Authorise Direct Debit Booking on Intermediate Account endpoint on Direct Debit service domain"
          }
        ]
      },
      {
        "Scenario": "Handle Request for Refund of Incoming Direct Debit (Debtor Bank)",
        "Service Domains": [
          "Contact Dialogue",
          "Payment Initiation",
          "Payment Order",
          "Payment Execution",
          "Position Keeping",
          "Correspondent Bank",
          "Financial Gateway",
          "Corporate Current Account"
        ],
        "Sequence": [
          {
            "Step1": "Contact Dialogue service domain Invokes the Handle Request for Refund of Incoming Direct Debit endpoint on Payment Initiation service domain",
            "Step2": "Payment Initiation service domain Invokes the Initiate Payment Order endpoint on Payment Order service domain",
            "Step3": "Payment Order service domain Invokes the Execute Payment Transaction endpoint on Payment Execution service domain",
            "Step4": "If Refund of Incoming Direct Debit, Payment Execution service domain Invokes the Record Debit Booking for Correspondent Bank endpoint on Position Keeping service domain",
            "Step5": "If Refund of Incoming Direct Debit, Position Keeping service domain Invokes the Authorise Debit Booking on Loro/Nostro Account endpoint on Correspondent Bank service domain",
            "Step6": "If Refund of Incoming Direct Debit, Correspondent Bank service domain Invokes the Send Payment Message endpoint on Financial Gateway service domain",
            "Step7": "If Refund of Incoming Direct Debit, Payment Execution service domain Invokes the Record Credit Booking for Customer Account endpoint on Position Keeping service domain",
            "Step8": "If Refund of Incoming Direct Debit, Position Keeping service domain Invokes the Authorise Credit Booking endpoint on Corporate Current Account service domain"
          }
        ]
      },
      {
        "Scenario": "Process Outgoing Direct Debit Instruction (Creditor Bank)",
        "Service Domains": [
          "Correspondence",
          "Payment Initiation",
          "Customer Agreement",
          "Direct Debit",
          "Regulatory Compliance",
          "Correspondent Bank",
          "Financial Gateway",
          "Payment Order",
          "Payment Execution",
          "Position Keeping",
          "Corporate Current Account"
        ],
        "Sequence": [
          {
            "Step1": "Correspondence service domain Invokes the Record Request for Outgoing Direct Debits endpoint on Payment Initiation service domain",
            "Step2": "Payment Initiation service domain Invokes the Verify Direct Debit Agreement endpoint on Customer Agreement service domain",
            "Step3": "Payment Initiation service domain Invokes the Process Request for Outgoing Direct Debits endpoint on Direct Debit service domain",
            "Step4": "For Each Direct Debit in Instruction, Direct Debit service domain Invokes the Check Debtor endpoint on Regulatory Compliance service domain",
            "Step5": "For Each Direct Debit in Instruction, Direct Debit service domain Invokes the Initiate Direct Debit Order endpoint on Correspondent Bank service domain",
            "Step6": "For Each Direct Debit in Instruction, Correspondent Bank service domain Invokes the Send Direct Debit Message endpoint on Financial Gateway service domain",
            "Step7": "Direct Debit service domain Invokes the Initiate Payment Order endpoint on Payment Order service domain",
            "Step8": "Payment Order service domain Invokes the Execute Payment Transaction endpoint on Payment Execution service domain",
            "Step9": "If Provisional Direct Debit Booking, Payment Execution service domain Invokes the Record Debit Booking for Intermediate Account endpoint on Position Keeping service domain",
            "Step10": "If Provisional Direct Debit Booking, Position Keeping service domain Invokes the Authorise Debit Booking endpoint on Direct Debit service domain",
            "Step11": "If Provisional Direct Debit Booking, Payment Execution service domain Invokes the Record Credit Booking for Customer Account endpoint on Position Keeping service domain",
            "Step12": "If Provisional Direct Debit Booking, Position Keeping service domain Invokes the Authorise Credit Booking endpoint on Corporate Current Account service domain"
          }
        ]
      },
      {
        "Scenario": "Handle request for Internal Credit Transfer - Execution by Position Keeping",
        "Service Domains": [
          "Contact Dialogue",
          "Payment Initiation",
          "Payment Order",
          "Corporate Current Account",
          "Payment Execution",
          "Position Keeping"
        ],
        "Sequence": [
          {
            "Step1": "Contact Dialogue service domain Invokes the Record Request for Payment Order endpoint on Payment Initiation service domain",
            "Step2": "Payment Initiation service domain Invokes the Execute Payment Order endpoint on Payment Order service domain",
            "Step3": "Payment Order service domain Invokes the Get Operational Details for Payment endpoint on Corporate Current Account service domain",
            "Step4": "Payment Order service domain Invokes the Execute Payment Transaction endpoint on Payment Execution service domain",
            "Step5": "If Internal Credit Transfer and Execution by Position Keeping, Payment Execution service domain Invokes the Record Debit Booking for Customer Account endpoint on Position Keeping service domain",
            "Step6": "If Internal Credit Transfer and Execution by Position Keeping, Position Keeping service domain Invokes the Authorise Debit Booking endpoint on Corporate Current Account service domain",
            "Step7": "If Internal Credit Transfer and Execution by Position Keeping, Payment Execution service domain Invokes the Record Credit Booking for Customer Account endpoint on Position Keeping service domain",
            "Step8": "If Internal Credit Transfer and Execution by Position Keeping, Position Keeping service domain Invokes the Authorise Credit Booking endpoint on Corporate Current Account service domain"
          }
        ]
      },
      {
        "Scenario": "Handle Request for Internal Credit Transfer - Execution by Corporate Current Account",
        "Service Domains": [
          "Contact Dialogue",
          "Payment Initiation",
          "Payment Order",
          "Corporate Current Account",
          "Payment Execution"
        ],
        "Sequence": [
          {
            "Step1": "Contact Dialogue service domain Invokes the Record Request for Payment Order endpoint on Payment Initiation service domain",
            "Step2": "Payment Initiation service domain Invokes the Execute Payment Order endpoint on Payment Order service domain",
            "Step3": "Payment Order service domain Invokes the Get Operational Details for Payment endpoint on Corporate Current Account service domain",
            "Step4": "Payment Order service domain Invokes the Execute Payment Transaction endpoint on Payment Execution service domain",
            "Step5": "If Internal Credit Transfer and Execution by Corporate Current Account, Payment Execution service domain Invokes the Execute Debit Booking endpoint on Corporate Current Account service domain",
            "Step6": "If Internal Credit Transfer and Execution by Corporate Current Account, Payment Execution service domain Invokes the Execute Credit Booking endpoint on Corporate Current Account service domain"
          }
        ]
      },
      {
        "Scenario": "Handle Incoming Credit Transfer - Execution by Position Keeping",
        "Service Domains": [
          "Financial Gateway",
          "Correspondent Bank",
          "Payment Order",
          "Corporate Current Account",
          "Regulatory Compliance",
          "Payment Execution",
          "Position Keeping"
        ],
        "Sequence": [
          {
            "Step1": "Financial Gateway service domain Invokes the Handle Incoming Payment Message endpoint on Correspondent Bank service domain",
            "Step2": "If Invalid, Correspondent Bank service domain Invokes the Send Payment Message endpoint on Financial Gateway service domain",
            "Step3": "Correspondent Bank service domain Invokes the Initiate Incoming Credit Transfer endpoint on Payment Order service domain",
            "Step4": "Payment Order service domain Invokes the Get Operational Details for Payment endpoint on Corporate Current Account service domain",
            "Step5": "Payment Order service domain Invokes the Conduct AML Check endpoint on Regulatory Compliance service domain",
            "Step6": "Payment Order service domain Invokes the Execute Payment Transaction endpoint on Payment Execution service domain",
            "Step7": "If Incoming Credit Transfer and Execution by Position Keeping, Payment Execution service domain Invokes the Record Debit Booking for Correspondent Bank endpoint on Position Keeping service domain",
            "Step8": "If Incoming Credit Transfer and Execution by Position Keeping, Position Keeping service domain Invokes the Authorise Debit Booking endpoint on Correspondent Bank service domain",
            "Step9": "If Incoming Credit Transfer and Execution by Position Keeping, Payment Execution service domain Invokes the Record Credit Booking for Customer Account endpoint on Position Keeping service domain",
            "Step10": "If Incoming Credit Transfer and Execution by Position Keeping, Position Keeping service domain Invokes the Authorise Credit Booking endpoint on Corporate Current Account service domain"
          }
        ]
      },
      {
        "Scenario": "Handle Request for Outgoing Credit Transfer - Execution by Corporate Current Account",
        "Service Domains": [
          "Contact Dialogue",
          "Payment Initiation",
          "Payment Order",
          "Corporate Current Account",
          "Regulatory Compliance",
          "Payment Execution",
          "Correspondent Bank",
          "Position Keeping",
          "Financial Gateway"
        ],
        "Sequence": [
          {
            "Step1": "Contact Dialogue service domain Invokes the Record Request for Payment Order endpoint on Payment Initiation service domain",
            "Step2": "Payment Initiation service domain Invokes the Enrich Credit Transfer endpoint",
            "Step3": "Payment Initiation service domain Invokes the Conduct Dedup Check endpoint",
            "Step4": "Payment Initiation service domain Invokes the Initiate Outgoing Credit Transfer endpoint on Payment Order service domain",
            "Step5": "Payment Order service domain Invokes the Get Operational Details for Payment endpoint on Corporate Current Account service domain",
            "Step6": "If Forward Dated Payment, Payment Order service domain Invokes the Store Payment Order endpoint",
            "Step7": "Payment Order service domain Invokes the Check Beneficiary endpoint on Regulatory Compliance service domain",
            "Step8": "Payment Order service domain Invokes the Execute Payment Transaction endpoint on Payment Execution service domain",
            "Step9": "If Outgoing Credit Transfer and Execution by Corporate Current Account, Payment Execution service domain Invokes the Execute Debit Booking endpoint on Corporate Current Account service domain",
            "Step10": "If Outgoing Credit Transfer and Execution by Corporate Current Account, Payment Execution service domain Invokes the Execute Credit Booking by Correspondent Bank endpoint on Correspondent Bank service domain",
            "Step11": "If Outgoing Credit Transfer and Execution by Corporate Current Account, Correspondent Bank service domain Invokes the Authorise Credit Booking endpoint",
            "Step12": "If Outgoing Credit Transfer and Execution by Corporate Current Account, Correspondent Bank service domain Invokes the Credit Loro/Nostro Account endpoint on Position Keeping service domain",
            "Step13": "If Outgoing Credit Transfer and Execution by Corporate Current Account, Correspondent Bank service domain Invokes the Send Payment Message endpoint on Financial Gateway service domain"
          }
        ]
      },
      {
        "Scenario": "Process Payment of Outgoing Direct Debit (Creditor Bank)",
        "Service Domains": [
          "Financial Gateway",
          "Correspondent Bank",
          "Direct Debit",
          "Payment Order",
          "Payment Execution",
          "Position Keeping"
        ],
        "Sequence": [
          {
            "Step1": "Financial Gateway service domain Invokes the Handle Direct Debit Payment Message endpoint on Correspondent Bank service domain",
            "Step2": "Correspondent Bank service domain Invokes the Confirm Direct Debit Execution endpoint on Direct Debit service domain",
            "Step3": "Direct Debit service domain Invokes the Initiate Payment Order endpoint on Payment Order service domain",
            "Step4": "Payment Order service domain Invokes the Execute Payment Transaction endpoint on Payment Execution service domain",
            "Step5": "If Direct Debit Confirmation, Payment Execution service domain Invokes the Record Direct Debit Booking for Correspondent Bank endpoint on Position Keeping service domain",
            "Step6": "If Direct Debit Confirmation, Position Keeping service domain Invokes the Authorise Debit Booking on Loro/Nostro Account endpoint on Correspondent Bank service domain",
            "Step7": "If Direct Debit Confirmation, Payment Execution service domain Invokes the Record Credit Booking for Provisional Direct Debits Booking endpoint on Position Keeping service domain",
            "Step8": "If Direct Debit Confirmation, Position Keeping service domain Invokes the Authorise Credit Booking on Intermediate Account endpoint on Direct Debit service domain"
          }
        ]
      },
      {
        "Scenario": "Handle Request for Outgoing Credit Transfer - Execution by Corporate Current Account",
        "Service Domains": [
          "Contact Dialogue",
          "Payment Initiation",
          "Direct Debit",
          "Payment Order",
          "Payment Execution",
          "Position Keeping",
          "Corporate Current Account"
        ],
        "Sequence": [
          {
            "Step1": "Contact Dialogue service domain Invokes the Record Request for Refund of Internal Direct Debit endpoint on Payment Initiation service domain",
            "Step2": "Payment Initiation service domain Invokes the Handle Request for Refund of an Internal Direct Debit endpoint on Direct Debit service domain",
            "Step3": "Direct Debit service domain Invokes the Initiate Payment Order endpoint on Payment Order service domain",
            "Step4": "Payment Order service domain Invokes the Execute Payment Transaction endpoint on Payment Execution service domain",
            "Step5": "If Refund of Internal Direct Debit, Payment Execution service domain Invokes the Record Debit Booking for Customer Account endpoint on Position Keeping service domain",
            "Step6": "If Refund of Internal Direct Debit, Position Keeping service domain Invokes the Authorise Debit Refund Booking of Internal Direct Debit endpoint on Corporate Current Account service domain",
            "Step7": "If Refund of Internal Direct Debit, Payment Execution service domain Invokes the Record Credit Booking for Customer Account endpoint on Position Keeping service domain",
            "Step8": "If Refund of Internal Direct Debit, Position Keeping service domain Invokes the Authorise Credit Refund Booking of Internal Direct Debit endpoint on Corporate Current Account service domain"
          }
        ]
      }
    ]
  }
}
