{
  "text": {
    "Business Domain": "Product & Price",
    "Business Scenarios Context": "Product & Price",
    "Business Scenarios": [
      {
        "Scenario": "Create New Product",
        "Service Domains": [
          "Product Portfolio",
          "Product Design",
          "System Development",
          "Product Deployment",
          "product Directory"
        ],
        "Sequence": [
          {
            "Step1": "Product Portfolio service domain Invokes the Create New Product endpoint on Product Design service domain",
            "Step2": "Product Design service domain Invokes the Retrive Related Existing Products endpoint on Product Directory service domain",
            "Step3": "Product Design service domain Invokes its Get Details of Products Currently Under Design endpoint",
            "Step4": "Product Design service domain Invokes its Set Up New Product endpoint",
            "Step5": "Product Design service domain Invokes the Retrive Related Existing Components endpoint on Product Directory service domain",
            "Step6": "Product Design service domain Invokes its Create New Components endpoint",
            "Step7": "Product Design service domain Invokes the Retrive Related Existing Functions endpoint on Product Directory service domain",
            "Step8": "Product Design service domain Invokes its Create New Functions endpoint",
            "Step9": "Product Design service domain Invokes the Retrive Existing Features endpoint on Product Directory service domain",
            "Step10": "Product Design service domain Invokes its Create New Features endpoint",
            "Step11": "Product Design service domain Invokes the Develop Required Automated Functionality endpoint on System Development service domain",
            "Step12": "Product Design service domain Invokes the Register New Product endpoint on Product Directory service domain",
            "Step13": "Product Design service domain Invokes the Deploy Product endpoint on Product Development service domain"
          }
        ]
      },
      {
        "Scenario": "Change Operational Current Account Product",
        "Service Domains": [
          "Product Portfolio",
          "Product Design",
          "Customer Agreement",
          "Correspondence",
          "Document Services",
          "Current Account",
          "Product Directory"
        ],
        "Sequence": [
          {
            "Step1": "Product Portfolio service domain Invokes the Record Change to Operational Product endpoint on Product Design service domain",
            "Step2": "Product Design service domain Invokes the Retrive Details of Selected Operational Product endpoint on Product Directory service domain",
            "Step3": "Product Design service domain Invokes its Validate Change Regarding Components Functions and Features endpoint",
            "Step4": "If Product Is Current Account,Product Design service domain Invokes the Verify Changes with Operational Product endpoint on Current Account service domain",
            "Step5": "For Each Product Instance, Current Account service domain Invokes its Approve Planned Changes on Product level endpoint",
            "Step6": "Current Account service domain Invokes the Approve Planned Changes on Agreement Level endpoint on Customer Agreement service domain",
            "Step7": "Product Design service domain Invokes its Configure product Changes endpoint",
            "Step8": "Product Design service domain Invokes the Record Product Changes endpoint on Product Directory service domain",
            "Step9": "For Each Product Instance, Product Design service domain Invokes the Update Operational Product endpoint on Current Account service domain",
            "Step10": "Current Account service domain Invokes the Update Customer Agreement endpoint on Customer Agreement service domain",
            "Step11": "Product Design service domain Invokes the Inform Customer endpoint on Correspondence service domain"
          }
        ]
      },
      {
        "Scenario": "Create New Sales Product -Single",
        "Service Domains": [
          "Product Portfolio",
          "Sales Product",
          "Regulatory Compliance",
          "Intellectual Property Portfolio",
          "Product Inventory Item Management",
          "System Development",
          "Product Directory",
          "Financial Accounting"
        ],
        "Sequence": [
          {
            "Step1": "Product Portfolio service domain Invokes the Create New Sales Product-Single endpoint on Sales Product service domain",
            "Step2": "Sales Product service domain Invokes the Retrive List of Operational Products endpoint on Product Directory service domain",
            "Step3": "Sales Product service domain Invokes its Set Function Values and Constraints endpoint",
            "Step4": "Sales Product service domain Invokes its Define Contractual Terms endpoint",
            "Step5": "Sales Product service domain Invokes the Retrive Pricing Prodcut endpoint on Product Directory service domain",
            "Step6": "Sales Product service domain Invokes its Set Condition Values and Constraints endpoint",
            "Step7": "Sales Product service domain Invokes the Check Referneces endpoint on Product Directory service domain",
            "Step8": "Sales Product service domain Invokes the Check Regulatory Compliance endpoint on Regulatory Compliance service domain",
            "Step9": "Sales Product service domain Invokes the Check IP Rights endpoint on Intellectual Property Portfolio service domain",
            "Step10": "Sales Product service domain Invokes the Define Onboarding Channels endpoint on Product Inventory Item Management service domain",
            "Step11": "Sales Product service domain Invokes the Define Revenue and Cost Accounts and Reporting Codes endpoint on Financial Accounting service domain",
            "Step12": "Sales Product service domain Invokes the Develop Required Automated Functionality endpoint on System Development service domain",
            "Step13": "Sales Product service domain Invokes the Register Sales Product endpoint on Product Directory service domain",
            "Step14": "Sales Product service domain Invokes its Activate Sales Product-Single endpoint"
          }
        ]
      },
      {
        "Scenario": "Phase Out Sales Product Current Account",
        "Service Domains": [
          "Product Portfolio",
          "Sales Product",
          "Current Account",
          "Product Directory"
        ],
        "Sequence": [
          {
            "Step1": "Product Portfolio service domain Invokes the Phase Out Sales Product Current Account endpoint on Sales Product service domain",
            "Step2": "Sales Product service domain Invokes the Retrive Details of Selected Sales Product endpoint on Product Directory service domain",
            "Step3": "Sales Product service domain Invokes its Set Product Status to Phased Out endpoint",
            "Step4": "Sales Product service domain Invokes the Update Product Directiory endpoint on Product Directiory service domain",
            "Step5": "Sales Product service domain Invokes the Retrive Verify if Instances of This Product Are Still Active endpoint on Current Account service domain",
            "Step6": "Sales Product service domain Invokes its Terminate Sales Product endpoint",
            "Step7": "Sales Product service domain Invokes the Update Product Directionary endpoint on Product Directory service domain"
          }
        ]
      },
      {
        "Scenario": "Launch New Sales Product",
        "Service Domains": [
          "Sales Planning",
          "Product Directory",
          "Product Deployment",
          "Product Inventory Item Management",
          "Product Inventory Distribution",
          "Product Training",
          "Product Quality Assurance",
          "Sales Product"
        ],
        "Sequence": [
          {
            "Step1": "Sales Planning service domain Invokes its Plan Sales Product Launch endpoint",
            "Step2": "Sales Planning service domain Invokes the Get Information on Sales Products Available for Launch endpoint on Product Directory service domain",
            "Step3": "Sales Planning service domain Invokes the Initiate Sales Product Launch endpoint on Product Deployment service domain",
            "Step4": "Product Deployment service domain Invokes the Perform Product Test of New Sales product endpoint on Product Quality Assurance service domain",
            "Step5": "Product Deployment service domain Invokes the Release Sales product endpoint on Sales Product service domain",
            "Step6": "Product Deployment service domain Invokes its Authorise Sales Product Launch endpoint",
            "Step7": "Sales product service domain Invokes its Determine Sales Product Validity endpoint",
            "Step8": "Sales product service domain Invokes its Determine Sales Product Version endpoint",
            "Step9": "Product Deployment service domain Invokes the Provide Product Material Distribution endpoint on Product Inventory Item Management service domain",
            "Step10": "Product Inventory Item Management service domain Invokes the Retrive Product Matrial Distribution endpoint on Product Inventory Distribution service domain",
            "Step11": "Product Deployment service domain Invokes the Provide Product Training endpoint on Product Training service domain",
            "Step12": "Product Deployment service domain Invokes the Set Sales Product Status to Launched endpoint on Product Directory service domain"
          }
        ]
      },
      {
        "Scenario": "Create New Sales Product-Bundle",
        "Service Domains": [
          "Product Portfolio",
          "Sales Product",
          "Regulatory Compliance",
          "Intellectual Property Portfolio",
          "Product Inventory Item Management",
          "System Development",
          "Product Directory",
          "Financial Accounting"
        ],
        "Sequence": [
          {
            "Step1": "Product Portfolio service domain Invokes the Create New Sales Product-Bundle endpoint on Sales Product service domain",
            "Step2": "Sales Product service domain Invokes the Retrieve List of sales products endpoint on Product Directory service domain",
            "Step3": "For Each Producy in Bundle, Sales Product service domain Invokes the Retrieve Details of Sales Product endpoint on Prouct Directory service domain",
            "Step4": "Sales product service domain Invokes its Set Feature Values and Constraints endpoint",
            "Step5": "Sales Product service domain Invokes its Define Contractual Terms endpoint",
            "Step6": "Sales Product service domain Invokes the Retrive Pricing Product endpoint on Product Directory service domain",
            "Step7": "Sales Product service domain Invokes its Set Condition Values and Constraints endpoint",
            "Step8": "Sales Product service domain Invokes the Check References endpoint on Product Directory service domain",
            "Step9": "Sales Product service domain Invokes the Check Regulatory Compliance endpoint on Regulatory Compliance service domain",
            "Step10": "Sales Product service domain Invokes the Check IP Rights endpoint on Intellectual Property Portfolio service domain",
            "Step11": "Sales Product service domain Invokes the Define Onboarding Channels endpoint on Product Inventory Item Management service domain",
            "Step12": "Sales Product service domain Invokes the Define Revenue and Cost Accounts and Reporting Codes endpoint on Financial Accounting service domain",
            "Step13": "Sales Product service domain Invokes the Develop Required Automated Functionality endpoint on System Development service domain",
            "Step14": "Sales Product service domain Invokes the Register Sales Product-Bundle endpoint on Product Directory service domain",
            "Step15": "Sales Product service domain Invokes its Activate Sales Product-Bundle endpoint"
          }
        ]
      }
    ]
  }
}
