{
  "text": {
    "Business Domain": "Retail Banking & Consumer",
    "Business Scenarios Context": "Retail Banking & Consumer",
    "Business Scenarios": [
      {
        "Scenario": "Handle Request for Early Renewal of Term Deposit",
        "Service Domains": [
          "Contact Dialogue",
          "Servicing Order",
          "Party Data Management",
          "Deposit Account",
          "Product Directory",
          "Current Account",
          "Position Keeping",
          "Payment Order",
          "Correspondence"
        ],
        "Sequence": [
          {
            "Step1": "Contact Dialogue Service Domain Invokes Record Request for Early Renewal of Term Deposit endpoint on Servicing Order Service Domain",
            "Step2": "Servicing Order Service Domain Invokes Retrieve Retail Customer endpoint on Party Data Managementservice Domain",
            "Step3": "Servicing Order Service Domain Invokes the Get Details of Term Deposit endpoint on Deposit Account Service Domain",
            "Step4": "Servicing Order Service Domain Invokes the Get Rates and Charges for Early Renewal endpoint on Product Directory Service Domain",
            "Step5": "Servicing Order Service Domain Invokes the Agree Conditions with Customer endpoint on Contact Dialogue Service Domain",
            "Step6": "Servicing Order Service Domain Invokes Renew Term Deposit Early endpoint on Deposit Account Service Domain",
            "Step7": "Deposit Account Service Domain Invokes the Calculate Accrued Interest endpoint",
            "Step8": "Deposit Account Service Domain Invokes the Settle Interest endpoint",
            "Step9": "Deposit Account Service Domain Invokes the Delink Accounts and Remove Blocks endpoint",
            "Step10": "Deposit Account Service Domain Invokes the Delink Term Deposit from Settlement Account endpoint on Current Account Service Domain",
            "Step11": "Deposit Account Service Domain Invokes the Get Operational Details for New Term Deposit endpoint on Product Directory Service Domain",
            "Step12": "Deposit Account Service Domain Invokes the Link Current Account to Deposit Account endpoint",
            "Step13": "Deposit Account Service Domain Invokes the Link Deposit Account to Current Account endpoint on Current Account Service Domain",
            "Step14": "Deposit Account Service Domain Invokes the Authorise Renewal of Term Deposit endpoint",
            "Step15": "Deposit Account Service Domain Invokes the Set Up New Deposit Account endpoint",
            "Step16": "Deposit Account Service Domain Invokes the Create Payment Order for Fees and Interest endpoint on Payment Order Service Domain",
            "Step17": "Deposit Account Service Domain Invokes the Create Payment Order for Principal Amount endpoint on Payment Order Service Domain",
            "Step18": "Deposit Account Service Domain Invokes the Create Payment Order to Fund New Principal endpoint on Payment Order Service Domain",
            "Step19": "Deposit Account Service Domain Invokes the Deactivate Closed Account endpoint",
            "Step20": "Deposit Account Service Domain Invokes the Inform Customer endpoint on Correspondence Service Domain"
          }
        ]
      },
      {
        "Scenario": "Handle Request to Open Retail Current Account",
        "Service Domains": [
          "Contact Dialogue",
          "Customer Offer",
          "Party Lifecycle Management",
          "Party Data Management",
          "Customer Product/Service Eligibility",
          "Product Directory",
          "Current Account",
          "Customer Agreement",
          "Document Services",
          "Position Keeping",
          "Issued Device Administration",
          "Guideline Compliance",
          "Correspondence"
        ],
        "Sequence": [
          {
            "Step1": "Contact Dialogue Service Domain Invokes Record request to open Retail Current Account endpoint on Customer Offer Service Domain",
            "Step2": "Customer Offer Service Domain Invokes Verify Retail Customer endpoint on Party Lifecycle Management service Domain",
            "Step3": "Customer Offer Service Domain Invokes the Retrieve Relations with other Customers endpoint on Party Data Management Service Domain",
            "Step4": "Customer Offer Service Domain Invokes the Retrieve current products and services endpoint on Customer Product/Service Eligibility Service Domain",
            "Step5": "Customer Offer Service Domain Invokes the Get Products for Which Customer is Eligible endpoint on Customer Product/Service Eligibility Service Domain",
            "Step6": "Customer Offer Service Domain Invokes Retrieve Standard Conditions endpoint on Product Directory Service Domain",
            "Step7": "Customer Offer Service Domain Invokes Get Customer Selection endpoint on Contact Dialogue Service Domain",
            "Step8": "Customer Offer Service Domain Invokes the Open Retail Current Account endpoint on Current Account Service Domain",
            "Step9": "Current Account Service Domain Invokes the Update Customer Agreement endpoint on Customer Agreement Service Domain",
            "Step10": "Current Account Service Domain Invokes the File Customer Agreement endpoint on Document Services Service Domain",
            "Step11": "Current Account Service Domain Invokes the Set Up New Account endpoint on Position Keeping Service Domain",
            "Step12": "Current Account Service Domain Invokes the Issue Internet Access Credentials endpoint on Issued Device Administration Service Domain",
            "Step13": "Current Account Service Domain Invokes the Issue Debit Cards endpoint on Issued Device Administration Service Domain",
            "Step14": "Current Account Service Domain Invokes the Add Retail Current Account to Customer List of Products endpoint on Customer Product/Service Eligibility Service Domain",
            "Step15": "Current Account Service Domain Invokes the Inform Customer endpoint on Correspondence Service Domain",
            "Step16": "Current Account Service Domain Invokes the Verify Correct Execution of Account Opening Process endpoint on Guideline Compliance Service Domain"
          }
        ]
      },
      {
        "Scenario": "Handle Request to Close Retail Current Account",
        "Service Domains": [
          "Contact Dialogue",
          "Servicing Order",
          "Party Data Management",
          "Current Account",
          "Issued Device Administration",
          "Current Account",
          "Payment Order",
          "Position Keeping",
          "Correspondence",
          "Customer Product/Service Eligibility"
        ],
        "Sequence": [
          {
            "Step1": "Contact Dialogue Service Domain Invokes Record Request to Close Retail Current Account endpoint on Servicing Order Service Domain",
            "Step2": "Servicing Order Service Domain Invokes Retrieve Retail Customer endpoint on Party Data Management Service Domain",
            "Step3": "Servicing Order Service Domain Invokes Get Conditions for Closing endpoint on Current Account Service Domain",
            "Step4": "Servicing Order Service Domain Invokes Get Customer Approval endpoint on Contact Dialogue Service Domain",
            "Step5": "Servicing Order Service Domain Invokes Preclose Current Account endpoint on Current Account Service Domain",
            "Step6": "Current Account Service Domain Invokes Cancel Debit Cards endpoint on Issued Device Administration Service Domain",
            "Step7": "Current Account Service Domain Invokes Remove Blocks endpoint",
            "Step8": "Current Account Service Domain Invokes Delink Accounts from Current Account endpoint",
            "Step9": "Current Account Service Domain Invokes Close Current Account endpoint on Current Account Service Domain",
            "Step10": "If End of Preclosed Period, Current Account Service Domain Invokes Calculate Accrued Interest endpoint",
            "Step11": "If End of Preclosed Period, Current Account Service Domain Invokes Settle Interest endpoint",
            "Step12": "If End of Preclosed Period, Current Account Service Domain Invokes Create Payment Order for Fees endpoint on Payment Order Service Domain",
            "Step13": "If End of Preclosed Period, Current Account Service Domain Invokes Create Payment Order for Remaining Balance endpoint on Payment Order Service Domain",
            "Step14": "If End of Preclosed Period, Current Account Service Domain Invokes Deactivate Closed Account endpoint on Position Keeping Service Domain",
            "Step15": "If End of Preclosed Period, Current Account Service Domain Invokes Remove Current Account from Customer List of Products endpoint on Customer Product/Service Eligibility Service Domain",
            "Step16": "If End of Preclosed Period, Current Account Service Domain Invokes Inform Customer on Closing of Current Account endpoint on Correspondence Service Domain"
          }
        ]
      },
      {
        "Scenario": "Handle Request for Early Closing of Term Deposit",
        "Service Domains": [
          "Contact Dialogue",
          "Servicing Order",
          "Party Data Management",
          "Product Directory",
          "Deposit Account",
          "Current Account",
          "Position Keeping",
          "Customer Product/Service Eligibility",
          "Correspondence",
          "Payment Order"
        ],
        "Sequence": [
          {
            "Step1": "Contact Dialogue Service Domain Invokes Record Request for Early Closing of Term Deposit endpoint on Servicing Order Service Domain",
            "Step2": "Servicing Order Service Domain Invokes Retrieve Retail Customer endpoint on Party Data Management Service Domain",
            "Step3": "Servicing Order Service Domain Invokes the Get Interest and Fee Rates for Early Closing endpoint on Product Directory Service Domain",
            "Step4": "Servicing Order Service Domain Invokes the Get Conditions for Early Closing endpoint on Deposit Account Service Domain",
            "Step5": "Servicing Order Service Domain Invokes Get Customer Approval for Conditions endpoint on Contact Dialogue Service Domain",
            "Step6": "Servicing Order Service Domain Invokes Close Term Deposit Early endpoint on Deposit Account Service Domain",
            "Step7": "Deposit Account Service Domain Invokes the Remove Amount Blocks and Account Blocks endpoint",
            "Step8": "Deposit Account Service Domain Invokes the Calculate Accrued Interest endpoint",
            "Step9": "Deposit Account Service Domain Invokes the Settle Interest endpoint",
            "Step10": "Deposit Account Service Domain Invokes the Authorise Closing of Term Deposit endpoint",
            "Step11": "Deposit Account Service Domain Invokes the Create Payment Order for Fees and Charges endpoint on Payment Order Service Domain",
            "Step12": "Deposit Account Service Domain Invokes the Create Payment Order for Principal Amount endpoint on Payment Order Service Domain",
            "Step13": "Deposit Account Service Domain Invokes the Delink Accounts from Deposit Account endpoint",
            "Step14": "Deposit Account Service Domain Invokes the Delink Deposit Account from Settlement Account endpoint on Current Account Service Domain",
            "Step15": "Deposit Account Service Domain Invokes the Deactivate Closed Account endpoint on Position Keeping Service Domain",
            "Step16": "Deposit Account Service Domain Invokes the Remove Term Deposit from Customer List of Products endpoint on Customer Product/Service Eligibility Service Domain",
            "Step17": "Deposit Account Service Domain Invokes the Inform Customer on Closing endpoint on Correspondence Service Domain"
          }
        ]
      },
      {
        "Scenario": "EXT Handle Request to Open Term Deposit",
        "Service Domains": [
          "Customer Workbench",
          "E-Branch Operations",
          "Contact Handler",
          "Point of Service",
          "Contact Dialogue",
          "Customer Offer",
          "Transaction Authorization",
          "Party Lifecycle Management",
          "Party Data Management",
          "Customer Product/Service Eligibility",
          "Product Directory",
          "Deposit Account",
          "Position Keeping",
          "Payment Order",
          "Guideline Compliance",
          "Customer Agreement",
          "Current Account"
        ],
        "Sequence": [
          {
            "Step1": "Customer Workbench Service Domain Invokes Handle Service Request from Customer endpoint on E-Branch Operations Service Domain",
            "Step2": "E-Branch Operations Service Domain Invokes Start Contact Session endpoint on Contact Handler Service Domain",
            "Step3": "Contact Handler Service Domain Invokes Initiate Servicing Dialogue endpoint on Point of Service Service Domain",
            "Step4": "Point of Service Service Domain Invokes Handle Customer Contact endpoint on Contact Dialogue Service Domain",
            "Step5": "Contact Dialogue Service Domain Invokes Get Requested Service from Customer endpoint on Customer Workbench Service Domain",
            "Step6": "Contact Dialogue Service Domain Invokes Record Request to Open Term Deposit endpoint on Customer Offer Service Domain",
            "Step7": "Customer Offer Service Domain Invokes Get Transaction Authorisation endpoint on Transaction Authorisation Service Domain",
            "Step8": "Customer Offer Service Domain Invokes Verify Retail Customer endpoint on Party Lifecycle Management Service Domain",
            "Step9": "Customer Offer Service Domain Invokes Check Related Customers endpoint on Party Data Management Service Domain",
            "Step10": "Customer Offer Service Domain Invokes Retrieve Current Products and Services endpoint on Customer Product/Service Eligibility Service Domain",
            "Step11": "Customer Offer Service Domain Invokes Get Products for which Customer Is Eligible endpoint on Customer Product/Service Eligibility Service Domain",
            "Step12": "Customer Offer Service Domain Invokes Show Proposed Products and Get Customer Selection endpoint on Customer Workbench Service Domain",
            "Step13": "Customer Offer Service Domain Invokes Retrieve Standard Conditions endpoint on Product Directory Service Domain",
            "Step14": "Customer Offer Service Domain Invokes Agree Conditions and Settlement Account with Customer and Get Required Data endpoint on Customer Workbench Service Domain",
            "Step15": "Customer Offer Service Domain Invokes Open Term Deposit endpoint on Deposit Account Service Domain",
            "Step16": "Deposit Account Service Domain Invokes Update Customer Agreement endpoint on Customer Agreement Service Domain",
            "Step17": "Deposit Account Service Domain Invokes Link Deposit to Current Account endpoint on Current Account Service Domain",
            "Step18": "Deposit Account Service Domain Invokes Link Current Account to Deposit Account endpoint",
            "Step19": "Deposit Account Service Domain Invokes Authorise Term Deposit endpoint",
            "Step20": "Deposit Account Service Domain Invokes Set Up New Deposit Account endpoint on Position Keeping Service Domain",
            "Step21": "Deposit Account Service Domain Invokes Create Payment Order to Fund Deposit endpoint on Payment Order Service Domain",
            "Step22": "Deposit Account Service Domain Invokes Verify Correct Execution of Deposit Opening Process endpoint on Payment Order Service Domain",
            "Step23": "Customer Offer Service Domain Invokes Confirm Opening of Deposit to Customer on Customer Workbench Service Domain"
          }
        ]
      },
      {
        "Scenario": "Handle Request to Open Savings Account",
        "Service Domains": [
          "Contact Dialogue",
          "Customer Offer",
          "Party Lifecycle Management",
          "Party Data Management",
          "Customer Product/Service Eligibility",
          "Product Directory",
          "Savings Account",
          "Customer Agreement",
          "Document Services",
          "Position Keeping",
          "Correspondence",
          "Guideline Compliance"
        ],
        "Sequence": [
          {
            "Step1": "Contact Dialogue Service Domain Invokes Record Request to Open Savings Account endpoint on Customer Offer Service Domain",
            "Step2": "Customer Offer Service Domain Invokes Verify Retail Customer endpoint on Party Lifecycle Management Service Domain",
            "Step3": "Customer Offer Service Domain Invokes Get Related Customers endpoint on Party Data Management Service Domain",
            "Step4": "Customer Offer Service Domain Invokes Retrieve Current Products endpoint on Customer Product/Service Eligibility Service Domain",
            "Step5": "Customer Offer Service Domain Invokes Get Products for which Customer is Eligible endpoint on Customer Product/Service Eligibility Service Domain",
            "Step6": "Customer Offer Service Domain Invokes Get Product Details endpoint on Product Directory Service Domain",
            "Step7": "Customer Offer Service Domain Invokes Agree Conditions with Customer endpoint on Contact Dialogue Service Domain",
            "Step8": "Customer Offer Service Domain Invokes Open Savings Account endpoint on Savings Account Service Domain",
            "Step9": "Savings Account Service Domain Invokes Update Customer Agreement endpoint on Customer Agreement Service Domain",
            "Step10": "Savings Account Service Domain Invokes File Customer Agreement endpoint on Document Services Service Domain",
            "Step11": "Savings Account Service Domain Invokes Set Up New Account endpoint on Position Keeping Service Domain",
            "Step12": "Savings Account Service Domain Invokes Add Savings Account to Customer List of products endpoint on Customer Product/Service Eligibility Service Domain",
            "Step13": "Savings Account Service Domain Invokes Inform Customer endpoint on Correspondence Service Domain",
            "Step14": "Savings Account Service Domain Invokes Verify Correct Execution of Savings Account Opening Process endpoint on Guideline Compliance Service Domain"
          }
        ]
      },
      {
        "Scenario": "Handle Request for Account Statement and Balances",
        "Service Domains": [
          "Contact Dialogue",
          "Current Account",
          "Correspondence",
          "Product Directory",
          "Position Keeping",
          "Party Data Management"
        ],
        "Sequence": [
          {
            "Step1": "Contact Dialogue Service Domain Invokes Create Balance Statement endpoint on Current Account Service Domain",
            "Step2": "Current Account Service Domain Invokes Get Product Details endpoint on Product Directory Service Domain",
            "Step3": "Current Account Service Domain Invokes Get Postings for Start Balance endpoint on Position Keeping Service Domain",
            "Step4": "Current Account Service Domain Invokes Calculate Start Balance endpoint",
            "Step5": "Current Account Service Domain Invokes Get Postings for Reporting Period endpoint on Position Keeping Service Domain",
            "Step6": "Current Account Service Domain Invokes Calculate End Balance endpoint",
            "Step7": "Current Account Service Domain Invokes Get Customer Data for Statement endpoint on Party Data Management Service Domain",
            "Step8": "Current Account Service Domain Invokes Prepare Balance Statement endpoint",
            "Step9": "Current Account Service Domain Invokes Send Statement to Customer endpoint on Correspondence Service Domain"
          }
        ]
      },
      {
        "Scenario": "EXT Handle Request for Account Statement and Balances",
        "Service Domains": [
          "Customer Workbench",
          "E-Branch Operations",
          "Contact Handler",
          "Point of Service",
          "Contact Dialogue",
          "Customer Product/Service Eligibility",
          "Servicing Order",
          "Transaction Authorization",
          "Current Account",
          "Position Keeping",
          "Party Data Management"
        ],
        "Sequence": [
          {
            "Step1": "Customer Workbench Service Domain Invokes Handle Service Request from Customer endpoint on E-Branch Operations Service Domain",
            "Step2": "E-Branch Operations Service Domain Invokes Start Contact Session endpoint on Contact Handler Service Domain",
            "Step3": "Contact Handler Service Domain Invokes Initiate Servicing Dialogue endpoint on Point of Service Domain",
            "Step4": "Point of Service Domain Invokes Handle Customer Contact endpoint on Contact Dialogue Service Domain",
            "Step5": "Contact Dialogue Service Domain Invokes Get Customer Products endpoint on Customer Product/Service Eligibility Service Domain",
            "Step6": "Contact Dialogue Service Domain Invokes Get Requested Service from Customer endpoint on Customer Workbench Service Domain",
            "Step7": "Contact Dialogue Service Domain Invokes Handle Request for Account Statement and Balances endpoint on Servicing Order Service Domain",
            "Step8": "Servicing Order Service Domain Invokes Get Transaction Authorisation endpoint on Transaction Authorization Service Domain",
            "Step9": "Servicing Order Service Domain Invokes Get Details of Current Account endpoint on Current Account Service Domain",
            "Step10": "Servicing Order Service Domain Invokes the Get Details of Customer Request endpoint on Customer Workbench Service Domain",
            "Step11": "Servicing Order Service Domain Invokes Get Account Statement and Balances endpoint on Current Account Service Domain",
            "Step12": "Current Account Service Domain Invokes Get Postings for Start Balance endpoint on Position Keeping Service Domain",
            "Step13": "Current Account Service Domain Invokes Calculate Start Balance endpoint",
            "Step14": "Current Account Service Domain Invokes Get Postings for Reporting Period endpoint on Position Keeping Service Domain",
            "Step15": "Current Account Service Domain Invokes Calculate End Balance endpoint",
            "Step16": "Current Account Service Domain Invokes Get Customer Data for Statement endpoint on Party Data Management Service Domain",
            "Step17": "Current Account Service Domain Invokes Prepare Balance Statement endpoint",
            "Step18": "Servicing Order Service Domain Invokes Show Balance Statement endpoint on Customer Workbench Service Domain"
          }
        ]
      },
      {
        "Scenario": "EXT Handle Request to Open Retail Current Account",
        "Service Domains": [
          "Customer Workbench",
          "E-Branch Operations",
          "Contact Handler",
          "Point of Service",
          "Contact Dialogue",
          "Customer Offer",
          "Transaction Authorization",
          "Party Lifecycle Management",
          "Party Data Management",
          "Customer Product/Service Eligibility",
          "Customer Credit Rating",
          "Product Directory",
          "Current Account",
          "Customer Agreement",
          "Document Services",
          "Position Keeping",
          "Issued Device Administration",
          "Guideline Compliance"
        ],
        "Sequence": [
          {
            "Step1": "Customer Workbench Service Domain Invokes Handle Service Request from Customer endpoint on E-Branch Operations Service Domain",
            "Step2": "E-Branch Operations Service Domain Invokes Start Contact Session endpoint on Contact Handler Service Domain",
            "Step3": "Contact Handler Service Domain Invokes Initiate Servicing Dialogue endpoint on Point of Service Domain",
            "Step4": "Point of Service Domain Invokes Handle Customer Contact endpoint on Contact Dialogue Service Domain",
            "Step5": "Contact Dialogue Service Domain Invokes Get Requested Service from Customer endpoint on Customer Workbench Service Domain",
            "Step6": "Contact Dialogue Service Domain Invokes Record Request to Open Retail Current Account endpoint on Customer Offer Service Domain",
            "Step7": "Customer Offer Service Domain Invokes Get Transaction Authorisation endpoint on Transaction Authorisation Service Domain",
            "Step8": "Customer Offer Service Domain Invokes Verify Retail Customer endpoint on Party Lifecycle Management Service Domain",
            "Step9": "Customer Offer Service Domain Invokes Retrieve Relations with Other Customers endpoint on Party Data Management Service Domain",
            "Step10": "Customer Offer Service Domain Invokes Retrieve Current Products and Services endpoint on Customer Product/Service Eligibility Service Domain",
            "Step11": "Customer Offer Service Domain Invokes Get Details of Customer Request endpoint on Customer Workbench Service Domain",
            "Step12": "Customer Offer Service Domain Invokes Get Internal Credit Rating endpoint on Customer Credit Rating Service Domain",
            "Step13": "Customer Offer Service Domain Invokes Get Products for which Customer Is Eligible endpoint on Customer Product/Service Eligibility Service Domain",
            "Step14": "Customer Offer Service Domain Invokes Retrieve Standard Conditions endpoint on Product Directory Service Domain",
            "Step15": "Customer Offer Service Domain Invokes Get Customer Selection endpoint on Customer Workbench Service Domain",
            "Step16": "For Each Signatory, Customer Offer Service Domain Invokes Verify Retail Customer endpoint on Party Lifecycle Management Service Domain",
            "Step17": "Customer Offer Service Domain Invokes Open Retail Current Account endpoint on Current Account Service Domain",
            "Step18": "Current Account Service Domain Invokes Update Customer Agreement endpoint on Customer Agreement Service Domain",
            "Step19": "Current Account Service Domain Invokes File Customer Agreement endpoint on Document Services Service Domain",
            "Step20": "Current Account Service Domain Invokes Set Up New Account endpoint on Position Keeping Service Domain",
            "Step21": "Current Account Service Domain Invokes Issue Internet Access Credentials endpoint on Issued Device Administration Service Domain",
            "Step22": "Current Account Service Domain Invokes Issue Debit Cards endpoint on Issued Device Administration Service Domain",
            "Step23": "Current Account Service Domain Invokes Add Retail Current Account to Customer Products endpoint on Customer Product/Service Eligibility Service Domain",
            "Step24": "Customer Offer Service Domain Invokes Confirm Account Opening endpoint on Customer Workbench Service Domain",
            "Step25": "Current Account Service Domain Invokes Verify Correct Execution of Account Opening Process endpoint on Guideline Compliance Service Domain"
          }
        ]
      },
      {
        "Scenario": "Handle Request to Open Term Deposit",
        "Service Domains": [
          "Contact Dialogue",
          "Customer Offer",
          "Party Lifecycle Management",
          "Party Data Management",
          "Customer Product/Service Eligibility",
          "Product Directory",
          "Deposit Account",
          "Position Keeping",
          "Payment Order",
          "Correspondence",
          "Guideline Compliance",
          "Customer Agreement",
          "Current Account"
        ],
        "Sequence": [
          {
            "Step1": "Contact Dialogue Service Domain Invokes Record Request to Open Term Deposit endpoint on  Service Domain",
            "Step2": "Customer Offer Service Domain Invokes Verify Retail Customer endpoint on Party Lifecycle Managemen Service Domain",
            "Step3": "Customer Offer Service Domain Invokes Get Related Customers endpoint on Party Data Management Service Domain",
            "Step4": "Customer Offer Service Domain Invokes Retrieve Current Products and Services endpoint on Customer Product/Service Eligibility Service Domain",
            "Step5": "Customer Offer Service Domain Invokes Get Products for which Customer is Eligible endpoint on Customer Product/Service Eligibility Service Domain",
            "Step6": "Customer Offer Service Domain Invokes Retrieve Standard Conditions endpoint on Product Directory Service Domain",
            "Step7": "Customer Offer Service Domain Invokes Agree Conditions with Customer endpoint on Contact Dialogue Service Domain",
            "Step8": "Customer Offer Service Domain Invokes Open Term Deposit endpoint on Deposit Account Service Domain",
            "Step9": "Deposit Account Service Domain Invokes Update Customer Agreement endpoint on Customer Agreement Service Domain",
            "Step10": "Deposit Account Service Domain Invokes Link Deposit Account to Current Account endpoint on Current Account Service Domain",
            "Step11": "Deposit Account Service Domain Invokes Link Current Account to Deposit Account endpoint",
            "Step12": "Deposit Account Service Domain Invokes Authorise Term Deposit endpoint",
            "Step13": "Deposit Account Service Domain Invokes Set Up New Deposit Account endpoint on Position Keeping Service Domain",
            "Step14": "Deposit Account Service Domain Invokes Create Payment Order to Fund Deposit endpoint on Payment Order Service Domain",
            "Step15": "Deposit Account Service Domain Invokes Inform Customer endpoint on Correspondence Service Domain",
            "Step16": "Deposit Account Service Domain Invokes Verify Correct Execution of Deposit Opening Process endpoint on Guideline Compliance Service Domain"
          }
        ]
      },
      {
        "Scenario": "Process Maturity of Term Deposit",
        "Service Domains": [
          "Deposit Account",
          "Deposit Account",
          "Current Account",
          "Position Keeping",
          "Customer Product/Service Eligibility",
          "Payment Order",
          "Correspondence"
        ],
        "Sequence": [
          {
            "Step1": "Deposit Account Service Domain Invokes Process Pending Maturity of Term Deposit endpoint",
            "Step2": "Deposit Account Service Domain Invokes Inform Customer on Maturity Options and Wait for Response endpoint on Correspondence Service Domain",
            "Step3": "Deposit Account Service Domain Invokes Close Term Deopsit upon Maturity endpoint on Deposit Account Service Domain",
            "Step4": "Deposit Account Service Domain Invokes Remove Amount Blocks and Account Blocks endpoint",
            "Step5": "Deposit Account Service Domain Invokes Calculate Accrued Interest endpoint",
            "Step6": "Deposit Account Service Domain Invokes Settle Interest endpoint",
            "Step7": "Deposit Account Service Domain Invokes Authorise Closing of Term Deposit endpoint",
            "Step8": "Deposit Account Service Domain Invokes Create Payment Order for Principal Amount and Fees endpoint on Payment Order Service Domain",
            "Step9": "Deposit Account Service Domain Invokes Delink Accounts from Deposit Accoun endpoint",
            "Step10": "Deposit Account Service Domain Invokes Delink Deposit Account from Settlement Account endpoint on Current Account Service Domain",
            "Step11": "Deposit Account Service Domain Invokes Deactivate Closed Account endpoint on Position Keeping Service Domain",
            "Step12": "Deposit Account Service Domain Invokes Remove Term Deposit from Customer List of Products endpoint on Customer Product/Service Eligibility Service Domain",
            "Step13": "Deposit Account Service Domain Invokes Inform Customer on Closing endpoint on Correspondence Service Domain"
          }
        ]
      },
      {
        "Scenario": "EXT Handle Request for Early Closing of Term Deposit",
        "Service Domains": [
          "Customer Workbench",
          "E-Branch Operations",
          "Contact Handler",
          "Point of Service",
          "Contact Dialogue",
          "Servicing Order",
          "Transaction Authorization",
          "Party Data Management",
          "Deposit Account",
          "Current Account",
          "Position Keeping",
          "Customer Product/Service Eligibility",
          "Payment Order",
          "Product Directory"
        ],
        "Sequence": [
          {
            "Step1": "Customer Workbench Service Domain Invokes Handle Service Request from Customer endpoint on E-Branch Operations Service Domain",
            "Step2": "E-Branch Operations Service Domain Invokes Start Contact Session endpoint on Contact Handler Service Domain",
            "Step3": "Contact Handler Service Domain Invokes Initiate Servicing Dialogue endpoint on Point of Service Domain",
            "Step4": "Point of Service Domain Invokes Handle Customer Contact endpoint on Contact Dialogue Service Domain",
            "Step5": "Contact Dialogue Service Domain Invokes Get Products for This Customer endpoint on Customer Product/Service Eligibility Service Domain",
            "Step6": "Contact Dialogue Service Domain Invokes Get Requested Service from Customer endpoint on Customer Workbench Service Domain",
            "Step7": "Contact Dialogue Service Domain Invokes Record Request for Early Closing of Term Deposit endpoint on Servicing Order Service Domain",
            "Step8": "Servicing Order Service Domain Invokes Get Transaction Authorisation endpoint on Transaction Authorization Service Domain",
            "Step9": "Servicing Order Service Domain Invokes Retrieve Retail Customer endpoint on Party Data Management Service Domain",
            "Step10": "Servicing Order Service Domain Invokes Get Details for Closing of Deposit Account endpoint on Deposit Account Service Domain",
            "Step11": "Servicing Order Service Domain Invokes Get Details of Customer Request endpoint on Customer Workbench Service Domain",
            "Step12": "Servicing Order Service Domain Invokes Get Interest and Fee Rates for Early Closing endpoint on Product Directory Service Domain",
            "Step13": "Servicing Order Service Domain Invokes Get Customer Approval for Conditions endpoint on Customer Workbench Service Domain",
            "Step14": "Servicing Order Service Domain Invokes Close Deposit Account Early endpoint on Deposit Account Service Domain",
            "Step15": "Deposit Account Service Domain Invokes Remove Amount Blocks and Account Blocks endpoint",
            "Step16": "Deposit Account Service Domain Invokes Settle Interest endpoint",
            "Step17": "Deposit Account Service Domain Invokes Authorise Closing of Term Deposit endpoint",
            "Step18": "Deposit Account Service Domain Invokes Update Customer Agreement endpoint",
            "Step19": "Deposit Account Service Domain Invokes Create Payment Order for Fees and Interest endpoint on Payment Order Service Domain",
            "Step20": "Deposit Account Service Domain Invokes Create Payment Order to Transfer Principal Amount endpoint on Payment Order Service Domain",
            "Step21": "Deposit Account Service Domain Invokes Delink Accounts from Deposit Account endpoint",
            "Step22": "Deposit Account Service Domain Invokes Delink Deposit Account from Settlement Account endpoint on Current Account Service Domain",
            "Step23": "Deposit Account Service Domain Invokes Deactivate Closed Account endpoint on Position Keeping Service Domain",
            "Step24": "Deposit Account Service Domain Invokes Remove Term Deposit from Customer List of Products endpoint on Customer Product/Service Eligibility Service Domain",
            "Step25": "Servicing Order Service Domain Invokes Inform Customer on Closing Accrued Interest and Fees endpoint on Customer Workbench Service Domain"
          }
        ]
      },
      {
        "Scenario": "Handle Request to Change Term Deposit Conditions",
        "Service Domains": [
          "Contact Dialogue",
          "Servicing Order",
          "Party Data Management",
          "Customer Product/Service Eligibility",
          "Deposit Account",
          "Customer Agreement",
          "Correspondence"
        ],
        "Sequence": [
          {
            "Step1": "Contact Dialogue Service Domain Invokes Record Request to Change Term Deposit Conditions endpoint on Servicing Order Service Domain",
            "Step2": "Servicing Order Service Domain Invokes Retrieve Retail Customer endpoint on Party Data Management Service Domain",
            "Step3": "Servicing Order Service Domain Invokes Retrieve Current Products and Services endpoint on Customer Product/Service Eligibility Service Domain",
            "Step4": "Servicing Ordert Service Domain Invokes Get Conditions of Term Deposit endpoint on Deposit Account Service Domain",
            "Step5": "Servicing Order Service Domain Invokes Agree Conditions with Customer endpoint on Contact Dialogue Service Domain",
            "Step6": "Servicing Order Service Domain Invokes Update Conditions of Term Deposit endpoint on Deposit Account Service Domain",
            "Step7": "Deposit Account Service Domain Invokes Update Customer Agreement endpoint on Customer Agreement Service Domain",
            "Step8": "Deposit Account Service Domain Invokes Inform Customer endpoint on Correspondence Service Domain"
          }
        ]
      },
      {
        "Scenario": "Handle Request to Change Term Deposit Attached Current Account",
        "Service Domains": [
          "Contact Dialogue",
          "Servicing Order",
          "Deposit Account",
          "Curreny Account",
          "Correspondence"
        ],
        "Sequence": [
          {
            "Step1": "Contact Dialogue Service Domain Invokes Record Request to Change Term Deposit Attached Current Account endpoint on Servicing Order Service Domain",
            "Step2": "Servicing Order Service Domain Invokes Change Attached Current Account endpoint on Deposit Account Service Domain",
            "Step3": "Deposit Account Service Domain Invokes Delink Current Account from Deposit Account endpoint",
            "Step4": "Deposit Account Service Domain Invokes Delink Deposit Account from Settlement Account endpoint on Current Account Service Domain",
            "Step5": "Deposit Account Service Domain Invokes Link Current Account to Deposit Account endpoint",
            "Step6": "Deposit Account Service Domain Invokes Link Deposit Account to Current Account endpoint on Current Account Service Domain",
            "Step7": "Deposit Account Service Domain Invokes Inform Customer endpoint on Correspondence Service Domain"
          }
        ]
      }
    ]
  }
}
