{
  "text": {
    "Business Domain": "Semantic API - Generally Usable Snippets",
    "Business Scenarios Context": "Semantic API - Generally Usable Snippets",
    "Business Scenarios": [
      {
        "Scenario": "Flag Bots Acting as Customers or TPPs",
        "Service Domains": [
          "Channel Activity Analysis",
          "Customer Behavior Models",
          "Channel Activity History"
        ],
        "Sequence": [
          {
            "Step1": "Channel Activity Analysis service domain Invokes its Analyse Channel Activity endpoint",
            "Step2": "Channel Activity Analysis service domain Invokes the Get recent Customer Activity endpoint on Customer Behavior Models service domain",
            "Step3": "Channel Activity Analysis service domain Invokes the Get Recent Channel Activity endpoint on Channel Activity History service domain",
            "Step4": "Channel Activity Analysis service domain Invokes its Analyse History endpoint",
            "Step5": "Channel Activity Analysis service domain Invokes the Flag User/TPP as Out of Pattern endpoint on Channel Activity History service domain"
          }
        ]
      },
      {
        "Scenario": "Process Contact setup and start TPP Servicing Dialogue",
        "Service Domains": [
          "Contact Handler",
          "Point of Service",
          "Contact Dialogue",
          "Channel Activity History",
          "Issued Device Administration"
        ],
        "Sequence": [
          {
            "Step1": "Contact Handler service domain Invokes its Complete Contact Setup endpoint",
            "Step2": "Contact Handler service domain Invokes the Get Recent Customer Activity endpoint on Channel Activity History service domain",
            "Step3": "Contact Handler service domain Invokes the Provide User Access Token endpoint on Issued Device Administration service domain",
            "Step4": "Contact Handler service domain Invokes its Allocate Automated Servicing Session endpoint",
            "Step5": "Contact Handler service domain Invokes the Initiate Automated TPP Service endpoint on Point of Service service domain",
            "Step6": "Point of Service service domain Invokes the Handle TPP Servicing Dialogue endpoint on Contact Dialogue service domain"
          }
        ]
      },
      {
        "Scenario": "Handle Customer Request for a Payment Order during an Active Mobile Access Session",
        "Service Domains": [
          "Contact Dialogue",
          "Customer Workbench",
          "Transaction Authorization",
          "Contact Handler",
          "Payment Order",
          "Party Authentication",
          "Issued Device Administration"
        ],
        "Sequence": [
          {
            "Step1": "Contact Dialogue service domain Invokes its Complete Servicing Session endpoint",
            "Step2": "Contact Dialogue service domain Invokes the Get Customer Request endpoint on Customer Workbench service domain",
            "Step3": "Contact Dialogue service domain Invokes the Request Transaction Authorisation endpoint on Transaction Authorization service domain",
            "Step4": "Contact Dialogue service domain Invokes the Get Additional Authentication Details endpoint on Customer Workbench service domain",
            "Step5": "Contact Dialogue service domain Invokes the Provide Details of Additional Customer Sessions endpoint on Contact Handler service domain",
            "Step6": "Contact Handler service domain Invokes the Verify Additional Authentication Details endpoint on Party Authentication service domain",
            "Step7": "Party Authentication service domain Invokes the Get Additional Authentication Requirements endpoint on Issued Device Administration service domain",
            "Step8": "Contact Handler service domain Invokes its Increase Authenticated Level endpoint",
            "Step9": "Contact Dialogue service domain Invokes the Request Transaction Authorisation endpoint on Transaction Authorization service domain",
            "Step10": "Contact Dialogue service domain Invokes the Get Payment Order Details endpoint on Customer Workbench service domain",
            "Step11": "Contact Dialogue service domain Invokes the Initiate Payment Order endpoint on Payment Order service domain",
            "Step12": "Contact Dialogue service domain Invokes its Complete Servicing Session endpoint"
          }
        ]
      },
      {
        "Scenario": "Get Available Current Account Balance in Preparation of Deposit into Loan",
        "Service Domains": [
          "Contact Dialogue",
          "Current Account"
        ],
        "Sequence": [
          {
            "Step1": "Contact Dialogue service domain Invokes its Continue Servicing Session endpoint",
            "Step2": "Contact Dialogue service domain Invokes the Get Available Balance endpoint on Current Account service domain",
            "Step3": "Contact Dialogue service domain Invokes its Continue Servicing Session endpoint"
          }
        ]
      },
      {
        "Scenario": "End Mobile Access Session and Update Event, Servicing and Channel History",
        "Service Domains": [
          "Contact Dialogue",
          "Customer Event History",
          "Point of Service",
          "Servicing Event History",
          "Contact Handler",
          "Channel Activity History"
        ],
        "Sequence": [
          {
            "Step1": "Contact Dialogue service domain Invokes its Complete Servicing Session endpoint",
            "Step2": "Contact Dialogue service domain Invokes the Update Customer Event History endpoint on Customer Event History service domain",
            "Step3": "Contact Dialogue service domain Invokes the Get Servicing Activity for Performance and Root Cause Analysis endpoint on Point of Service service domain",
            "Step4": "Point of Service service domain Invokes the Record servicing event endpoint on Servicing Event History service domain",
            "Step5": "Contact Dialogue service domain Invokes the Get Channel Activity for Security and Analysis endpoint on Contact Handler service domain",
            "Step6": "Contact Handler service domain Invokes the Update Channel Activity History endpoint on Channel Activity History service domain"
          }
        ]
      },
      {
        "Scenario": "Get Customer Request and Show Account Balance",
        "Service Domains": [
          "Customer Workbench",
          "E-Branch Operations",
          "Contact Handler",
          "Point of Service",
          "Contact Dialogue",
          "Transaction Authorization",
          "Current Accoount"
        ],
        "Sequence": [
          {
            "Step1": "E-Branch Operations service domain Invokes the Start Contact Session endpoint on Contact Handler service domain",
            "Step2": "Contact Handler service domain Invokes the Initiate Servicing Dialogue endpoint on Point of Service service domain",
            "Step3": "Point of Service service domain Invokes the Handle Customer Contact endpoint on Contact Dialogue service domain",
            "Step4": "Contact Dialogue service domain Invokes the Get Requested Service from Customer endpoint on Customer Workbench service domain",
            "Step5": "Contact Dialogue service domain Invokes the Request Transaction Authorisation endpoint on Transaction Authorization service domain",
            "Step6": "Contact Dialogue service domain Invokes the Get Available Balance endpoint on Current Accoount service domain",
            "Step7": "Contact Dialogue service domain Invokes the Show Available Balance endpoint on Customer Workbench service domain",
            "Step8": "Contact Dialogue service domain Invokes its Complete Servicing Session endpoint"
          }
        ]
      },
      {
        "Scenario": "Record Lost/Stolen Token/Device",
        "Service Domains": [
          "Issued Device Tracking",
          "Issued Device Administration"
        ],
        "Sequence": [
          {
            "Step1": "Issued Device Tracking service domain Invokes its Record Lost or Stolen Device/Token endpoint",
            "Step2": "Issued Device Administration service domain Invokes the Update Issued Device Status endpoint on Issued Device Administration service domain"
          }
        ]
      },
      {
        "Scenario": "Initiate Payment Order",
        "Service Domains": [
          "Point of Service",
          "Contact Dialogue",
          "Customer Workbench",
          "Transaction Authorization",
          "Payment Order"
        ],
        "Sequence": [
          {
            "Step1": "Point of Service service domain Invokes the Handle TPP Servicing Dialogue endpoint on Contact Dialogue service domain",
            "Step2": "Contact Dialogue service domain Invokes the Get Customer Request endpoint on Customer Workbench service domain",
            "Step3": "Contact Dialogue service domain Invokes theRequest Transaction Authorisation endpoint on Transaction Authorization service domain",
            "Step4": "Contact Dialogue service domain Invokes the Initiate Payment Order endpoint on Payment Order service domain"
          }
        ]
      },
      {
        "Scenario": "Process Consumer Loan Delinquency – First Stage (needs revision)",
        "Service Domains": [
          "Consumer Loan",
          "Customer Billing",
          "Open Item Management",
          "Dunning",
          "Document Services",
          "Correspondence"
        ],
        "Sequence": [
          {
            "Step1": "Consumer Loan service domain Invokes its Signal Missed Invoice Payment endpoint",
            "Step2": "Consumer Loan service domain Invokes the Set Invoice to Overdue endpoint on Customer Billing service domain",
            "Step3": "Consumer Loan service domain Invokes the Initiate Open Item Processing endpoint on Open Item Management service domain",
            "Step4": "Open Item Management service domain Invokes the Retrieve Customer Invoice History endpoint on Customer Billing service domain",
            "Step5": "Open Item Management service domain Invokes its Investigate Delinquency Processing endpoint",
            "Step6": "Open Item Management service domain Invokes the Create Customer Notification endpoint on Dunning service domain",
            "Step7": "Dunning service domain Invokes the Classify and File Documents endpoint on Document Services service domain",
            "Step8": "Dunning service domain Invokes the Send Reminder to Customer endpoint on Correspondence service domain"
          }
        ]
      },
      {
        "Scenario": "Create and Send Loan Installment Invoice",
        "Service Domains": [
          "Consumer Loan",
          "Customer Billing",
          "Correspondence"
        ],
        "Sequence": [
          {
            "Step1": "Consumer Loan service domain Invokes its Prepare Data for Customer Billing endpoint",
            "Step2": "Consumer Loan service domain Invokes the Create Loan Installment Invoice endpoint on Customer Billing service domain",
            "Step3": "Customer Billing service domain Invokes the Send Invoice endpoint on Correspondence service domain"
          }
        ]
      },
      {
        "Scenario": "Handle Customer /TPP Request for Access with Stolen/Cancelled Token/Device",
        "Service Domains": [
          "Customer Workbench",
          "E-Branch Operations",
          "Contact Handler",
          "Party Data Management",
          "Party Authentication",
          "Issued Device Administration",
          "Fraud/AML Resolution"
        ],
        "Sequence": [
          {
            "Step1": "Customer Workbench service domain Invokes the Handle Contact Request endpoint on E-Branch Operations service domain",
            "Step2": "E-Branch Operations service domain Invokes the Start Contact Setup Session endpoint on Contact Handler service domain",
            "Step3": "Contact Handler service domain Invokes the Get Customer Details endpoint on Customer Workbench service domain",
            "Step4": "Contact Handler service domain Invokes the Retrieve Customer Data endpoint on Party Data Management service domain",
            "Step5": "Contact Handler service domain Invokes the Get Customer Password and Device ID endpoint on Customer Workbench service domain",
            "Step6": "Contact Handler service domain Invokes the Authenticate Customer endpoint on Party Authentication service domain",
            "Step7": "Party Authentication service domain Invokes the Get Customer Password and Device ID endpoint on Issued Device Administration service domain",
            "Step8": "Contact Handler service domain Invokes the Initiate Fraud Case endpoint on Fraud/AML Resolution service domain",
            "Step9": "Contact Handler service domain Invokes its Conclude Customer Contact endpoint"
          }
        ]
      },
      {
        "Scenario": "Handle Request for Account Statement",
        "Service Domains": [
          "Contact Dialogue",
          "Current Account",
          "Position Keeping"
        ],
        "Sequence": [
          {
            "Step1": "Contact Dialogue service domain Invokes the Prepare Account Statement endpoint on Current Account service domain",
            "Step2": "Current Account service domain Invokes the Get Postings for the Specified Account endpoint on Position Keeping service domain"
          }
        ]
      },
      {
        "Scenario": "Handle Request for Consumer Loan – Verify Documentation and Offer Process",
        "Service Domains": [
          "Customer Offer",
          "Product Directory",
          "Document Services",
          "Correspondence",
          "Guideline Compliance",
          "Regulatory Compliance"
        ],
        "Sequence": [
          {
            "Step1": "Customer Offer service domain Invokes its Continue Offer Processing endpoint",
            "Step2": "Customer Offer service domain Invokes the Get List of Required Documents endpoint on Product Directory service domain",
            "Step3": "Customer Offer service domain Invokes the Get Available Documents endpoint on Document Services service domain",
            "Step4": "Customer Offer service domain Invokes the Send Documents to Customer and Obtain Signature endpoint on Correspondence service domain",
            "Step5": "Customer Offer service domain Invokes the Audit Offer Process endpoint on Guideline Compliance service domain",
            "Step6": "Customer Offer service domain Invokes the Confirm action complies with regulations endpoint on Regulatory Compliance service domain"
          }
        ]
      },
      {
        "Scenario": "Handle TPP Request for Registration with Bank and Exchange of ‘Client Identifier’ and ‘Client Secret’ for Later Reference",
        "Service Domains": [
          "Customer Workbench",
          "E-Branch Operations",
          "Contact Handler",
          "Point of Service",
          "Contact Dialogue",
          "Product Broker Agreement",
          "Issued Device Administration"
        ],
        "Sequence": [
          {
            "Step1": "Customer Workbench service domain Invokes the Handle Contact Request endpoint on E-Branch Operations service domain",
            "Step2": "E-Branch Operations service domain Invokes the Start Contact Session endpoint on Contact Handler service domain",
            "Step3": "Contact Handler service domain Invokes the Initiate Servicing Session endpoint on Point of Service service domain",
            "Step4": "Point of Service service domain Invokes the Initiate Assisted Servicing Session endpoint on Contact Dialogue service domain",
            "Step5": "Contact Dialogue service domain Invokes the Initiate Product Broker Agreement endpoint on Product Broker Agreement service domain",
            "Step6": "Contact Dialogue service domain Invokes the Record Client Authentication Token endpoint on Issued Device Administration service domain"
          }
        ]
      },
      {
        "Scenario": "Handle Request for Consumer Loan – Configuration and Pricing",
        "Service Domains": [
          "Customer Offer",
          "Product Directory",
          "Customer Credit Rating",
          "Consumer Loan",
          "Contact Dialogue"
        ],
        "Sequence": [
          {
            "Step1": "Customer Offer service domain Invokes its Continue Offer Processing endpoint",
            "Step2": "Customer Offer service domain Invokes the Get Product Pricing and Options endpoint on Product Directory service domain",
            "Step3": "Customer Offer service domain Invokes the Get customer credit assessment endpoint on Customer Credit Rating service domain",
            "Step4": "Customer Offer service domain Invokes the Get Notional Product Cash Flow endpoint on Consumer Loan service domain",
            "Step5": "Customer Offer service domain Invokes the Get Customer Preference endpoint on Contact Dialogue service domain"
          }
        ]
      },
      {
        "Scenario": "Handle Request for Consumer Loan – Record Collateral and Underwriting",
        "Service Domains": [
          "Customer Offer",
          "Customer Credit Rating",
          "Collateral Allocation Management",
          "Contact Dialogue",
          "Collateral Asset Administration",
          "Underwriting",
          "Customer Agreement"
        ],
        "Sequence": [
          {
            "Step1": "Customer Offer service domain Invokes its Continue Offer Processing endpoint",
            "Step2": "Customer Offer service domain Invokes the Get customer credit assessment endpoint on Customer Credit Rating service domain",
            "Step3": "Customer Offer service domain Invokes the Record Collateral endpoint on Collateral Allocation Management service domain",
            "Step4": "Collateral Allocation Management service domain Invokes the Get Collateral Details endpoint on Contact Dialogue service domain",
            "Step5": "Collateral Allocation Management service domain Invokes the Review Collateral Appraisal endpoint on Collateral Asset Administration service domain",
            "Step6": "Customer Offer service domain Invokes the Obtain underwriting decision endpoint on Underwriting service domain",
            "Step7": "Customer Offer service domain Invokes the Update agreement details endpoint on Customer Agreement service domain"
          }
        ]
      },
      {
        "Scenario": "Handle Request for Consumer Loan Financial Analysis Reports",
        "Service Domains": [
          "Contact Dialogue",
          "Customer Workbench",
          "Consumer Loan",
          "Document Services",
          "Correspondence",
          "Position Keeping"
        ],
        "Sequence": [
          {
            "Step1": "Contact Dialogue service domain Invokes its Continue Servicing Session endpoint",
            "Step2": "Contact Dialogue service domain Invokes the Get Details of Customer Request endpoint on Customer Workbench service domain",
            "Step3": "Contact Dialogue service domain Invokes the Create Loan Reports endpoint on Consumer Loan service domain",
            "Step4": "Consumer Loan service domain Invokes the Get Postings for the Specified Account endpoint on Position Keeping service domain",
            "Step5": "Consumer Loan service domain Invokes its Create Report endpoint",
            "Step6": "Consumer Loan service domain Invokes the Classify and File Documents endpoint on Document Services service domain",
            "Step7": "Consumer Loan service domain Invokes the Send Reports to Customer endpoint on Correspondence service domain"
          }
        ]
      },
      {
        "Scenario": "Handle Request to Get Customer Account Balance",
        "Service Domains": [
          "Point of Service",
          "Contact Dialogue",
          "Customer Workbench",
          "Transaction Authorization",
          "Current Account"
        ],
        "Sequence": [
          {
            "Step1": "Point of Service service domain Invokes the Complete Servicing Dialogue endpoint on Contact Dialogue service domain",
            "Step2": "Contact Dialogue service domain Invokes the Get Customer Request endpoint on Customer Workbench service domain",
            "Step3": "Contact Dialogue service domain Invokes the Request Transaction Authorisation endpoint on Transaction Authorization service domain",
            "Step4": "Contact Dialogue service domain Invokes the Get Available Balance endpoint on Current Account service domain",
            "Step5": "Contact Dialogue service domain Invokes its Continue Servicing Session endpoint"
          }
        ]
      },
      {
        "Scenario": "Handle Request for Consumer Loan – Checks and Options",
        "Service Domains": [
          "Contact Dialogue",
          "Customer Offer",
          "Party Lifecycle Management",
          "Lead/Opportunity Management",
          "Product Directory",
          "Party Data Management",
          "Customer Agreement",
          "Customer Product/Service Eligibility",
          "Customer Precedents"
        ],
        "Sequence": [
          {
            "Step1": "Contact Dialogue service domain Invokes the Initiate Consumer Loan Origination endpoint on Customer Offer service domain",
            "Step2": "Customer Offer service domain Invokes the Execute Customer Onboarding endpoint on Party Lifecycle Management service domain",
            "Step3": "Customer Offer service domain Invokes the Retrieve Lead/Opportunity Details endpoint on Lead/Opportunity Management service domain",
            "Step4": "Customer Offer service domain Invokes the Retrieve Sales Support Materials endpoint on Product Directory service domain",
            "Step5": "Customer Offer service domain Invokes the Retrieve Customer Information endpoint on Party Data Management service domain",
            "Step6": "Customer Offer service domain Invokes the Retrieve Customer Master Agreement endpoint on Customer Agreement service domain",
            "Step7": "Customer Offer service domain Invokes the Verify Product Eligibility endpoint on Customer Product/Service Eligibility service domain",
            "Step8": "Customer Offer service domain Invokes the Get Applicable Precedents endpoint on Customer Precedents service domain",
            "Step9": "Customer Offer service domain Invokes its Continue Offer Processing endpoint"
          }
        ]
      },
      {
        "Scenario": "Process Customer Access Request and Authentication",
        "Service Domains": [
          "Customer Workbench",
          "E-Branch Operations",
          "Contact Handler",
          "Party Data Management",
          "Party Authentication",
          "Issued Device Administration"
        ],
        "Sequence": [
          {
            "Step1": "Customer Workbench service domain Invokes the Handle Contact Request endpoint on E-Branch Operations service domain",
            "Step2": "E-Branch Operations service domain Invokes the Start Contact Setup Session endpoint on Contact Handler service domain",
            "Step3": "Contact Handler service domain Invokes the Get Customer Details endpoint on Customer Workbench service domain",
            "Step4": "Contact Handler service domain Invokes the Retrieve Customer Data endpoint on Party Data Management service domain",
            "Step5": "Contact Handler service domain Invokes the Get Customer Password and Device ID endpoint on Customer Workbench service domain",
            "Step6": "Contact Handler service domain Invokes the Verify Password and Device ID endpoint on Party Authentication service domain",
            "Step7": "Party Authentication service domain Invokes the Get Customer Password and Device ID endpoint on Issued Device Administration service domain"
          }
        ]
      },
      {
        "Scenario": "Handle Request for Consumer Loan – Complete Origination",
        "Service Domains": [
          "Customer Offer",
          "Credit Management",
          "Corporate Treasury",
          "Customer Product/Service Eligibility",
          "Consumer Loan"
        ],
        "Sequence": [
          {
            "Step1": "Customer Offer service domain Invokes its Continue Offer Processing endpoint",
            "Step2": "Customer Offer service domain Invokes the Add Asset to Credit View endpoint on Credit Management service domain",
            "Step3": "Customer Offer service domain Invokes the Book Asset on Balance Sheet endpoint on Corporate Treasury service domain",
            "Step4": "Customer Offer service domain Invokes the Rcord New Product Status endpoint on Customer Product/Service Eligibility service domain",
            "Step5": "Customer Offer service domain Invokes the Initiate Setup endpoint on Consumer Loan service domain"
          }
        ]
      },
      {
        "Scenario": "Handle Customer Request to Log On to Bank (to Authenticate) and to Authorise Client Access to Their Account",
        "Service Domains": [
          "Customer Workbench",
          "E-Branch Operations",
          "Contact Handler",
          "Party Authentication",
          "Point of Service",
          "Contact Dialogue",
          "Issued Device Administration"
        ],
        "Sequence": [
          {
            "Step1": "Customer Workbench service domain Invokes the Handle Contact Request endpoint on E-Branch Operations service domain",
            "Step2": "E-Branch Operations service domain Invokes the Start Contact Session endpoint on Contact Handler service domain",
            "Step3": "Contact Handler service domain Invokes the Authenticate Customer endpoint on Party Authentication service domain",
            "Step4": "Contact Handler service domain Invokes the Initiate Servicing Session endpoint on Point of Service service domain",
            "Step5": "Point of Service service domain Invokes the Initiate Assisted Servicing Session endpoint on Contact Dialogue service domain",
            "Step6": "Contact Dialogue service domain Invokes the Issue Access Grant endpoint on Issued Device Administration service domain"
          }
        ]
      },
      {
        "Scenario": "Process Access Request by TPP on Behalf of Customer",
        "Service Domains": [
          "Customer Workbench",
          "E-Branch Operations",
          "Contact Handler",
          "Party Data Management",
          "Party Authentication",
          "Issued Device Administration"
        ],
        "Sequence": [
          {
            "Step1": "Customer Workbench service domain Invokes the Handle Contact Request endpoint on E-Branch Operations service domain",
            "Step2": "E-Branch Operations service domain Invokes the Start Contact Setup Session endpoint on Contact Handler service domain",
            "Step3": "Contact Handler service domain Invokes the Get TPP Details endpoint on Party Data Management service domain",
            "Step4": "Contact Handler service domain Invokes the Verify Password and Device ID endpoint on Party Authentication service domain",
            "Step5": "Party Authentication service domain Invokes the Get Customer Password and Device ID endpoint on Issued Device Administration service domain",
            "Step6": "Contact Handler service domain Invokes its Complete Contact Setup endpoint"
          }
        ]
      },
      {
        "Scenario": "Handle Servicing Request for Access Attempt with out of Pattern Customer/TPP Behaviour",
        "Service Domains": [
          "Customer Workbench",
          "E-Branch Operations",
          "Contact Handler",
          "Point of Service",
          "Party Authentication",
          "Issued Device Administration",
          "Channel Activity History"
        ],
        "Sequence": [
          {
            "Step1": "Customer Workbench service domain Invokes the Handle Contact Request endpoint on E-Branch Operations service domain",
            "Step2": "E-Branch Operations service domain Invokes the Start Contact Setup Session endpoint on Contact Handler service domain",
            "Step3": "Contact Handler service domain Invokes the Get Customer Details endpoint on Customer Workbench service domain",
            "Step4": "Contact Handler service domain Invokes the Authenticate Customer endpoint on Party Authentication service domain",
            "Step5": "Party Authentication service domain Invokes the Get Customer Password and Device ID endpoint on Issued Device Administration service domain",
            "Step6": "Contact Handler service domain Invokes the Get Recent Customer Activity endpoint on Channel Activity History service domain",
            "Step7": "Contact Handler service domain Invokes its Handle Out of Pattern Warning endpoint",
            "Step8": "Contact Handler service domain Invokes the Get Confirmation of Bot or Human endpoint on Point of Service service domain"
          }
        ]
      },
      {
        "Scenario": "Execute Customer Onboarding - API version",
        "Service Domains": [
          "Contact Dialogue",
          "Party Lifecycle Management",
          "Party Data Management",
          "Location Data Management",
          "Regulatory Compliance",
          "Document Services",
          "Correspondence",
          "Issued Device Administration",
          "Customer Agreement"
        ],
        "Sequence": [
          {
            "Step1": "Contact Dialogue service domain Invokes the Execute Customer Onboarding endpoint on Party Lifecycle Management service domain",
            "Step2": "Party Lifecycle Management service domain Invokes the Retrieve Customer Data endpoint on Party Data Management service domain",
            "Step3": "Party Lifecycle Management service domain Invokes the Activate Party endpoint on Party Data Management service domain",
            "Step4": "Party Lifecycle Management service domain Invokes the Get Location Data for Verification endpoint on Location Data Management service domain",
            "Step5": "Party Lifecycle Management service domain Invokes the Evaluate Regulatory KYC Checks endpoint on Regulatory Compliance service domain",
            "Step6": "Party Lifecycle Management service domain Invokes the Determine Missing Documents endpoint on Document Services service domain",
            "Step7": "Party Lifecycle Management service domain Invokes the Get Missing Documents from Customer endpoint on Correspondence service domain",
            "Step8": "Party Lifecycle Management service domain Invokes the Issue Customer Passwords and Tokens endpoint on Issued Device Administration service domain",
            "Step9": "Party Lifecycle Management service domain Invokes the Initiate Customer Agreement endpoint on Customer Agreement service domain"
          }
        ]
      },
      {
        "Scenario": "Handle Request for Withdrawal from Consumer Loan",
        "Service Domains": [
          "Contact Dialogue",
          "Customer Workbench",
          "Consumer Loan",
          "Position Keeping",
          "Payment Order",
          "Document Services",
          "Correspondence"
        ],
        "Sequence": [
          {
            "Step1": "Contact Dialogue service domain Invokes its Continue Servicing Session endpoint",
            "Step2": "Contact Dialogue service domain Invokes the Get Customer Request endpoint on Customer Workbench service domain",
            "Step3": "Contact Dialogue service domain Invokes the Execute Withdrawal endpoint on Consumer Loan service domain",
            "Step4": "Consumer Loan service domain Invokes the Get Postings for the Specified Account endpoint on Position Keeping service domain",
            "Step5": "Consumer Loan service domain Invokes the Mark Final Block for Withdrawal Amount endpoint on Position Keeping service domain",
            "Step6": "Consumer Loan service domain Invokes the Initiate payment endpoint on Payment Order service domain",
            "Step7": "Consumer Loan service domain Invokes the Create Confirmation of Withdrawal endpoint on Document Services service domain",
            "Step8": "Consumer Loan service domain Invokes the Send Confirmation to Customer endpoint on Correspondence service domain"
          }
        ]
      },
      {
        "Scenario": "Handle Customer Request for User Access Token Using Bank Authorization Grant and its ‘Client Secret’ (done within active contact)",
        "Service Domains": [
          "Customer Workbench",
          "E-Branch Operations",
          "Contact Handler",
          "Point of Service",
          "Contact Dialogue",
          "Issued Device Administration",
          "Product Broker Agreement",
          "Customer Product/Service Eligibility"
        ],
        "Sequence": [
          {
            "Step1": "Customer Workbench service domain Invokes the Handle Contact Request endpoint on E-Branch Operations service domain",
            "Step2": "E-Branch Operations service domain Invokes the Start Contact Session endpoint on Contact Handler service domain",
            "Step3": "Contact Handler service domain Invokes the Initiate Servicing Session endpoint on Point of Service service domain",
            "Step4": "Point of Service service domain Invokes the Initiate Assisted Servicing Session endpoint on Contact Dialogue service domain",
            "Step5": "Contact Dialogue service domain Invokes the Check Access Grant endpoint on Issued Device Administration service domain",
            "Step6": "Contact Dialogue service domain Invokes the Check Client Authentication Token endpoint on Issued Device Administration service domain",
            "Step7": "Issued Device Administration service domain Invokes the Get Client Authentication Token endpoint on Product Broker Agreement service domain",
            "Step8": "Contact Dialogue service domain Invokes the Get Customer Service Entitlement endpoint on Customer Product/Service Eligibility service domain",
            "Step9": "Contact Dialogue service domain Invokes the Provide User Access Token endpoint on Issued Device Administration service domain"
          }
        ]
      }
    ]
  }
}
