{
  "text": {
    "Business Domain": "Wealth",
    "Business Scenarios Context": "Wealth",
    "Business Scenarios": [
      {
        "Scenario": "Process Internal Customer Upgrade",
        "Service Domains": [
          "Contact Dialogue",
          "Customer Realtionship Management",
          "Party Life Cycle Management",
          "Customer Behavioral Insights",
          "Customer Event History",
          "Party Data Management",
          "Customer Product/Service Eligibility",
          "Information Provider Operation",
          "Product Matching",
          "Lead/Opportunity Management"
        ],
        "Sequence": [
          {
            "Step1": "Customer Realtionship Management service domain Invokes its Conduct Periodical Customer Analysis endpoint",
            "Step2": "Customer Realtionship Management service domain Invokes the Verify Private Banking Customer endpoint on Party Lifecycle Management service domain",
            "Step3": "Customer Realtionship Management service domain Invokes the Determine Customer Qualification endpoint on Customer Behavioral Insights service domain",
            "Step4": "Customer Behavioral Insights service domain Invokes the Retrieve Customer History endpoint on Customer Event History service domain",
            "Step5": "Customer Behavioral Insights service domain Invokes the Update Customer Data endpoint on Party Data Management service domain",
            "Step6": "Customer Realtionship Management service domain Invokes the Get Current Products endpoint on Customer Product/Service Eligibility service domain",
            "Step7": "Customer Realtionship Management service domain Invokes the Update Eligibility for Additional Products endpoint on Customer Product/Service Eligibility service domain",
            "Step8": "Customer Product/Service Eligibility service domain Invokes the Conduct Product Matching endpoint on Product Matching service domain",
            "Step9": "Customer Realtionship Management service domain Invokes the Update KYC Standing endpoint on Party Data Management service domain",
            "Step10": "Customer Realtionship Management service domain Invokes the Discuss Financial Profile and Goals with Customer endpoint on Contact Dialogue service domain",
            "Step11": "Customer Realtionship Management service domain Invokes the Get Applicable Products from Other Banks endpoint on Information Provider Operation service domain",
            "Step12": "Customer Realtionship Management service domain Invokes its Prepare Investment Advice endpoint",
            "Step13": "Customer Realtionship Management service domain Invokes the Determine Next-Best product to sell endpoint on Product Matching service domain",
            "Step14": "Customer Realtionship Management service domain Invokes the Create Opportunity endpoint on Lead/Opportunity Management service domain"
          }
        ]
      },
      {
        "Scenario": "Process Performance Review",
        "Service Domains": [
          "Contact Dialogue",
          "Customer Realtionship Management",
          "Party Data Management",
          "Investment Portfolio Planning",
          "Investment Portfolio Analysis",
          "Investment Account",
          "Securities Position Keeping",
          "Financial Market Analysis",
          "Financial Market Research"
        ],
        "Sequence": [
          {
            "Step1": "Customer Realtionship Management service domain Invokes the Schedule Performance Review endpoint on Contact Dialogue service domain",
            "Step2": "Customer Realtionship Management service domain Invokes the Get Customer Data endpoint on Party Data Management service domain",
            "Step3": "Customer Realtionship Management service domain Invokes the Get Investment Mandate endpoint on Investment Portfolio Planning service domain",
            "Step4": "Customer Realtionship Management service domain Invokes the Get Forecast Versus Actual Performance endpoint on Investment Portfolio Analysis service domain",
            "Step5": "Investment Portfolio Analysis service domain Invokes the Get Performance Data for Specified Period endpoint on Investment Account service domain",
            "Step6": "Investment Account service domain Invokes the Get Transactions for Specified Period endpoint on Securities Position Keeping service domain",
            "Step7": "Investment Portfolio Analysis service domain Invokes the Get Market Forecast endpoint on Financial Market Analysis service domain",
            "Step8": "Financial Market Analysis service domain Invokes the Provide Market Information endpoint on Financial Market Research service domain",
            "Step9": "Investment Portfolio Analysis service domain Invokes the Provide Market Information endpoint on Financial Market Research service domain",
            "Step10": "Customer Realtionship Management service domain Invokes its Prepare Performance Report endpoint",
            "Step11": "Customer Realtionship Management service domain Invokes the Discuss Performance Report and Agree New Mandate endpoint on Contact Dialogue service domain",
            "Step12": "Customer Realtionship Management service domain Invokes the Update Investement Mandate endpoint on Investment Portfolio Planning service domain"
          }
        ]
      },
      {
        "Scenario": "Handle Request for Product Selection",
        "Service Domains": [
          "Contact Dialogue",
          "Customer Realtionship Management",
          "Party Lifecycle Management",
          "Product Directory",
          "Customer Credit Rating",
          "Customer Position",
          "Customer Product/Service Eligibility",
          "Customer Agreement",
          "Investment Portfolio Planning"
        ],
        "Sequence": [
          {
            "Step1": "Contact Dialogue service domain Invokes the Handle Request for Investment Product Selection endpoint on Customer Relationship Management service domain",
            "Step2": "Customer Realtionship Management service domain Invokes the Verify Private Banking Customer endpoint on Party Lifecycle Management service domain",
            "Step3": "Customer Realtionship Management service domain Invokes the Get Available Products endpoint on Product Directory service domain",
            "Step4": "Customer Realtionship Management service domain Invokes the Inform Customer on Investment Products and Charges endpoint on Contact Dialogue service domain",
            "Step5": "Customer Realtionship Management service domain Invokes the Get Customer Credit Score endpoint on Customer Credit Rating service domain",
            "Step6": "If Existing Customer,Customer Realtionship Management service domain Invokes the Determine Consolidated Position endpoint on Customer Position service domain",
            "Step7": "Customer Realtionship Management service domain Invokes the Get Products for Which Customer Is Eligible endpoint on Customer Product/Service Eligibility service domain",
            "Step8": "Customer Realtionship Management service domain Invokes the Get Product Tersm and Conditions endpoint on Product Directory service domain",
            "Step9": "Customer Realtionship Management service domain Invokes the Get Customer Terms and Conditions endpoint on Customer Agreement service domain",
            "Step10": "Customer Realtionship Management service domain Invokes its Prepare Offer endpoint",
            "Step11": "Customer Realtionship Management service domain Invokes the Agree Conditions with Customer endpoint on Contact Dialogue service domain",
            "Step12": "Customer Realtionship Management service domain Invokes the Update Investment Plan endpoint on Investment Portfolio Planning service domain"
          }
        ]
      },
      {
        "Scenario": "Conduct Customer-Centric Product Manufacturing",
        "Service Domains": [
          "Contact Dialogue",
          "Investment Portfolio Management",
          "Customer Product/Service Eligibility",
          "Customer Position",
          "Party Data Management",
          "Product Matching",
          "Product Directory",
          "Sales Product",
          "Product Design"
        ],
        "Sequence": [
          {
            "Step1": "Investment Portfolio Management service domain Invokes the Get Current Products endpoint on Customer Product/Service Eligibility service domain",
            "Step2": "Investment Portfolio Management service domain Invokes the Determine Customer Position endpoint on Customer Position service domain",
            "Step3": "Investment Portfolio Management service domain Invokes the Get Customer Risk Profile endpoint on Party Data Management service domain",
            "Step4": "Investment Portfolio Management service domain Invokes the Determine Matching Products endpoint on Product Matching service domain",
            "Step5": "Product Matching service domain Invokes the Get Investment Products endpoint on Product Directory service domain",
            "Step6": "Investment Portfolio Management service domain Invokes its Determine Need for New Sales Product endpoint",
            "Step7": "If New Product Can Be Relaised as Sales Product,Investment Portfolio Management service domain Invokes the Create New Sales Product endpoint on Sales Product service domain",
            "Step8": "Investment Portfolio Management service domain Invokes its Discuss Need for New Operational Product endpoint",
            "Step9": "Investment Portfolio Management service domain Invokes the Create New Product endpoint on Product Design service domain",
            "Step10": "Investment Portfolio Management service domain Invokes the Present Product to Customer endpoint on Contact Dialogue service domain"
          }
        ]
      },
      {
        "Scenario": "Handle Request for Investment Plan",
        "Service Domains": [
          "Contact Dialogue",
          "Customer Relationship Management",
          "Party Lifecycle Management",
          "Party Data Management",
          "Customer Product/Service Eligibility",
          "Customer Position",
          "Product Expert Sales Support",
          "Investment Portfolio Management",
          "Investment Account",
          "Current Account",
          "Investment Portfolio Planning",
          "Product Directory",
          "Suitability Checking",
          "Regulatory Compliance",
          "Customer Agreement",
          "Correspondence",
          "Guideline Compliance"
        ],
        "Sequence": [
          {
            "Step1": "Contact Dialogue Management service domain Invokes the Handle Request for Investment Plan endpoint on Customer Relationship Management service domain",
            "Step2": "Customer Realtionship Management service domain Invokes the Verify Retail Customer endpoint on Party Lifecycle Management service domain",
            "Step3": "If Joint Account Holders,Customer Realtionship Management service domain Invokes the Get Related Customers endpoint on Party Data Management service domain",
            "Step4": "Customer Realtionship Management service domain Invokes the Verify Retail Counter endpoint on Party Lifecycle Management service domain",
            "Step5": "Customer Realtionship Management service domain Invokes the Get Current Products and Services endpoint on Customer Product/Service Eligibility service domain",
            "Step6": "Customer Realtionship Management service domain Invokes the Determine Customer Position endpoint on Customer Position service domain",
            "Step7": "Customer Realtionship Management service domain Invokes the Provide Investment Expertise endpoint on Product Expert Sales Support service domain",
            "Step8": "Customer Realtionship Management service domain Invokes the Prepare Investment Plan endpoint on Investment Portfolio Management service domain",
            "Step9": "Investment Portfolio Management service domain Invokes the Create Investment Plan endpoint on Investment Portfolio Planning service domain",
            "Step10": "Investment Portfolio Planning service domain Invokes the Provide Pricing Details endpoint on Product Directory service domain",
            "Step11": "Investment Portfolio Planning service domain Invokes the Provide Taxation Expertise endpoint on Product Expert Sales Support service domain",
            "Step12": "Investment Portfolio Planning service domain Invokes the Verify Product Suitability endpoint on Suitability Checking service domain",
            "Step13": "Investment Portfolio Planning service domain Invokes the Verify Regulatory Compliance endpoint on Regulatory Compliance service domain",
            "Step14": "Investment Portfolio Management service domain Invokes the Pre-Open Investment Account endpoint on Investment Account service domain",
            "Step15": "Investment Portfolio Management service domain Invokes the Pre-Open Investment Cash Account endpoint on Current Account service domain",
            "Step16": "Customer Realtionship Management service domain Invokes its Finalise Investment Plan and Pricing endpoint",
            "Step17": "Customer Realtionship Management service domain Invokes the Update Customer Agreement endpoint on Customer Agreement service domain",
            "Step18": "Customer Realtionship Management service domain Invokes the Send Investment Plan and Get Customer Signature endpoint on Correspondence service domain",
            "Step19": "Customer Realtionship Management service domain Invokes the Verify Correct Execution of Investment Plan Process endpoint on Guideline Compliance service domain"
          }
        ]
      },
      {
        "Scenario": "Process Portfolio Rebalancing",
        "Service Domains": [
          "Contact Dialogue",
          "Customer Relationship Management",
          "Investment Portfolio Planning",
          "Investment Portfolio Analysis",
          "Financial Market Analysis",
          "Financial Market Research",
          "Investment Portfolio Management"
        ],
        "Sequence": [
          {
            "Step1": "Customer Realtionship Management service domain Invokes the Get Customer Input on Revision of Strategy endpoint on Contact Dialogue service domain",
            "Step2": "Customer Realtionship Management service domain Invokes the Get Investement Mandate endpoint on Investment Portfolio Planning service domain",
            "Step3": "Customer Realtionship Management service domain Invokes the Get Strategic and Tactical Options endpoint on Investment Portfolio Analysis service domain",
            "Step4": "Investment Portfolio Analysis service domain Invokes the Get Market Forecast endpoint on Financial Market Analysis service domain",
            "Step5": "Financial Market Analysis service domain Invokes the Provide Marlet Information endpoint on Financial Market Research service domain",
            "Step6": "Investment Portfolio Analysis service domain Invokes the Provide Market Infromation endpoint on Financial Market Research service domain",
            "Step7": "Customer Realtionship Management service domain Invokes the Agree with Customer on Revised Strategy endpoint on Contact Dialogue service domain",
            "Step8": "Customer Realtionship Management service domain Invokes the Update Investment Mandate endpoint on Investment Portfolio Planning service domain",
            "Step9": "Investment Portfolio Planning service domain Invokes the Execute Mandate endpoint on Investment Portfolio Management service domain"
          }
        ]
      },
      {
        "Scenario": "Handle Request for Windfall Investment",
        "Service Domains": [
          "Contact Dialogue",
          "Customer Realtionship Management",
          "Party Life Cycle Management",
          "Customer Product/Service Eligibility",
          "Customer Position",
          "Product Expert Sales Support",
          "Market Information Management",
          "Market Data Switch Operation",
          "Investment Portfolio Planning",
          "Investment Portfolio Management",
          "Investment Account",
          "Securities Position Keeping",
          "Current Account",
          "Position Keeping"
        ],
        "Sequence": [
          {
            "Step1": "Contact Dialogue service domain Invokes the Record Request for Investment Service endpoint on Customer Relationship Management service domain",
            "Step2": "Customer Realtionship Management service domain Invokes the Verify Private Banking Customer endpoint on Party Lifecycle Management service domain",
            "Step3": "If Existing Customer,Customer Realtionship Management service domain Invokes the Get Current Products endpoint on Customer Product/Service Eligibility service domain",
            "Step4": "Customer Realtionship Management service domain Invokes the Get Customer Position endpoint on Customer Position service domain",
            "Step5": "Customer Realtionship Management service domain Invokes the Get Investments endpoint on Investment Portfolio Management service domain",
            "Step6": "Customer Realtionship Management service domain Invokes the Assign Expertise endpoint on Product Expert Sales Support service domain",
            "Step7": "Customer Realtionship Management service domain Invokes the Get Customer Requirements endpoint on Contact Dialogue service domain",
            "Step8": "Customer Realtionship Management service domain Invokes the Get Applcable Products from Market endpoint on Market Information Management service domain",
            "Step9": "Customer Realtionship Management service domains Invokes the Get Market Updates endpoint on Market Data Switch Operation service domain",
            "Step10": "Customer Realtionship Management service domain Invokes its Prepare Customer Advice endpoint",
            "Step11": "Customer Realtionship Management service domain Invokes the Discuss with Customer and Get Approval endpoint on Contact Dialogue service domain",
            "Step12": "Customer Realtionship Management service domain Invokes the Update Investment Plan endpoint on Investment Portfolio Planning service domain",
            "Step13": "Customer Realtionship Management service domain Invokes the Open Investment Account endpoint on Investment Account service domain",
            "Step14": "Investment Account service domain Invokes the Set Up New Account endpoint on Securities Position Keeping service domain",
            "Step15": "Customer Realtionship Management service domain Invokes the Open Investment Cash Account endpoint on Current Account service domain",
            "Step16": "Current Account service domain Invokes the Set Up New Account endpoint on Position Keeping service domain"
          }
        ]
      }
    ]
  }
}
